Escola,Etapa,Ano,Matemática,Língua Portuguesa,N,P,Aprovação Geral,1º,2º,3º,4º,5º,6º,7º,8º,9º,IDEB,Meta IDEB,Origem Meta,Diferença para Meta,Situação Meta,Nível Matemática,Nível Língua Portuguesa,Padrão Matemática,Padrão Língua Portuguesa
AGENOR LINO DE MATOS DEPUTADO EMEF,Fundamental I,2005,189.77,188.72,5.016861,0.892924,89.3,,93.7,86.8,84.3,93.1,,,,,4.5,,,,,3,3,Abaixo do básico,Básico
AGENOR LINO DE MATOS DEPUTADO EMEF,Fundamental I,2007,191.47,174.61,4.792788,0.894633,89.7,100.0,79.7,87.4,89.8,92.9,,,,,4.3,4.5,Original,-0.20000000000000018,Abaixo da meta,3,2,Abaixo do básico,Abaixo do básico
AGENOR LINO DE MATOS DEPUTADO EMEF,Fundamental I,2009,225.64,204.41,5.986705,0.914079,92.6,97.6,83.7,90.4,88.8,98.2,,,,,5.5,4.9,Original,0.5999999999999996,Acima da meta,5,4,Básico,Básico
AGENOR LINO DE MATOS DEPUTADO EMEF,Fundamental I,2011,227.55,205.98,6.051701,0.902971,90.1,96.9,85.4,87.9,88.9,93.3,,,,,5.5,5.3,Original,0.20000000000000018,Acima da meta,5,4,Básico,Básico
AGENOR LINO DE MATOS DEPUTADO EMEF,Fundamental I,2013,236.13,220.55,6.48035,0.940563,93.9,100.0,92.1,93.1,94.7,90.9,,,,,6.1,5.5,Original,0.5999999999999996,Acima da meta,5,4,Básico,Adequado
AGENOR LINO DE MATOS DEPUTADO EMEF,Fundamental I,2015,226.81,216.57,6.230124,0.964942,96.9,100.0,100.0,89.1,100.0,94.4,,,,,6.0,5.8,Original,0.20000000000000018,Acima da meta,5,4,Básico,Básico
AGENOR LINO DE MATOS DEPUTADO EMEF,Fundamental I,2017,231.03,224.39,6.45284,0.946075,95.3,100.0,100.0,89.1,93.9,91.1,,,,,6.1,6.1,Original,0.0,Atingiu a meta,5,4,Básico,Adequado
AGENOR LINO DE MATOS DEPUTADO EMEF,Fundamental I,2019,248.38,224.71,6.789765,0.963213,96.1,98.5,95.7,92.0,95.8,100.0,,,,,6.5,6.3,Original,0.20000000000000018,Acima da meta,5,4,Adequado,Adequado
AGENOR LINO DE MATOS DEPUTADO EMEF,Fundamental I,2021,227.11,217.5,6.252759,0.993642,99.4,100.0,96.9,100.0,100.0,100.0,,,,,6.2,6.5,Original,-0.2999999999999998,Abaixo da meta,5,4,Básico,Básico
AGENOR LINO DE MATOS DEPUTADO EMEF,Fundamental I,2023,233.31,218.22,6.38417,0.979446,98.2,100.0,98.6,98.6,98.2,94.5,,,,,6.3,6.5,Referência 2021,-0.20000000000000018,Abaixo da meta,5,4,Básico,Básico
AGENOR LINO DE MATOS DEPUTADO EMEF,Fundamental I,2025,236.58,205.38,,0.958396,96.3,97.9,88.0,97.3,98.4,98.5,,,,,6.0,6.5,Referência 2021,-0.5,Abaixo da meta,5,4,Básico,Básico
AGENOR LINO DE MATOS DEPUTADO EMEF,Fundamental II,2005,,,,,,,,,,,,,,,,,,,,,,,
AGENOR LINO DE MATOS DEPUTADO EMEF,Fundamental II,2007,,,,,,,,,,,,,,,,,Original,,,,,,
AGENOR LINO DE MATOS DEPUTADO EMEF,Fundamental II,2009,,,,,,,,,,,,,,,,,Original,,,,,,
AGENOR LINO DE MATOS DEPUTADO EMEF,Fundamental II,2011,,,,,,,,,,,,,,,,,Original,,,,,,
AGENOR LINO DE MATOS DEPUTADO EMEF,Fundamental II,2013,264.62,243.75,5.1395,0.917235,91.5,,,,,,91.1,87.5,91.7,97.1,4.7,,Original,,,3,2,Básico,Básico
AGENOR LINO DE MATOS DEPUTADO EMEF,Fundamental II,2015,266.4,261.08,5.458,0.89229,89.1,,,,,,88.5,85.4,88.9,94.6,4.9,5.0,Original,-0.09999999999999964,Abaixo da meta,3,3,Básico,Básico
AGENOR LINO DE MATOS DEPUTADO EMEF,Fundamental II,2017,281.8,284.54,6.105667,0.925274,92.5,,,,,,86.8,94.1,97.8,92.1,5.6,5.2,Original,0.39999999999999947,Acima da meta,4,4,Básico,Adequado
AGENOR LINO DE MATOS DEPUTADO EMEF,Fundamental II,2019,277.75,267.78,5.758833,0.912093,91.5,,,,,,86.8,89.1,90.0,100.0,5.3,5.4,Original,-0.10000000000000053,Abaixo da meta,4,3,Básico,Básico
AGENOR LINO DE MATOS DEPUTADO EMEF,Fundamental II,2021,269.03,274.73,5.729333,0.987299,98.6,,,,,,96.6,98.4,100.0,100.0,5.7,5.7,Original,0.0,Atingiu a meta,3,3,Básico,Adequado
AGENOR LINO DE MATOS DEPUTADO EMEF,Fundamental II,2023,262.73,244.95,5.128,0.991541,99.1,,,,,,96.7,100.0,100.0,100.0,5.1,5.7,Referência 2021,-0.6000000000000005,Abaixo da meta,3,2,Básico,Básico
AGENOR LINO DE MATOS DEPUTADO EMEF,Fundamental II,2025,249.7,239.61,,0.9877,98.8,,,,,,98.3,98.4,100.0,98.4,4.8,5.7,Referência 2021,-0.9000000000000004,Abaixo da meta,2,2,Básico,Básico
ALCINO FRANCISCO DE SOUZA PROF EMEF,Fundamental I,2005,,,,,,,,,,,,,,,,,,,,,,,
ALCINO FRANCISCO DE SOUZA PROF EMEF,Fundamental I,2007,,,,,,,,,,,,,,,,,Original,,,,,,
ALCINO FRANCISCO DE SOUZA PROF EMEF,Fundamental I,2009,216.39,201.16,5.751087,0.940625,93.0,100.0,92.6,94.1,,90.1,,,,,5.4,,Original,,,4,4,Básico,Básico
ALCINO FRANCISCO DE SOUZA PROF EMEF,Fundamental I,2011,230.11,217.1,6.302738,0.9428,94.1,98.7,92.8,90.4,95.3,94.6,,,,,5.9,5.7,Original,0.20000000000000018,Acima da meta,5,4,Básico,Básico
ALCINO FRANCISCO DE SOUZA PROF EMEF,Fundamental I,2013,232.85,216.56,6.34521,0.938099,94.2,100.0,91.6,90.1,96.8,91.3,,,,,6.0,5.9,Original,0.09999999999999964,Acima da meta,5,4,Básico,Básico
ALCINO FRANCISCO DE SOUZA PROF EMEF,Fundamental I,2015,227.5,222.33,6.348019,0.962912,96.3,98.2,98.1,94.4,93.1,97.9,,,,,6.1,6.2,Original,-0.10000000000000053,Abaixo da meta,5,4,Básico,Adequado
ALCINO FRANCISCO DE SOUZA PROF EMEF,Fundamental I,2017,236.16,239.26,6.821105,0.95803,95.7,98.2,98.9,92.6,92.7,97.0,,,,,6.5,6.4,Original,0.09999999999999964,Acima da meta,5,5,Básico,Adequado
ALCINO FRANCISCO DE SOUZA PROF EMEF,Fundamental I,2019,,,,0.977422,97.7,100.0,96.5,98.3,96.4,97.6,,,,,,6.6,Original,,,,,,
ALCINO FRANCISCO DE SOUZA PROF EMEF,Fundamental I,2021,241.78,246.22,7.054902,1.0,100.0,100.0,100.0,100.0,100.0,100.0,,,,,7.1,6.9,Original,0.1999999999999993,Acima da meta,5,5,Básico,Adequado
ALCINO FRANCISCO DE SOUZA PROF EMEF,Fundamental I,2023,230.45,228.72,6.520499,0.949029,95.1,100.0,94.9,94.6,89.0,96.7,,,,,6.2,6.9,Referência 2021,-0.7000000000000002,Abaixo da meta,5,5,Básico,Adequado
ALCINO FRANCISCO DE SOUZA PROF EMEF,Fundamental I,2025,237.98,228.36,,0.989099,98.9,99.1,95.6,100.0,100.0,100.0,,,,,6.6,6.9,Referência 2021,-0.3000000000000007,Abaixo da meta,5,5,Básico,Adequado
ALCINO FRANCISCO DE SOUZA PROF EMEF,Fundamental II,2005,256.57,242.69,4.987625,0.867678,86.8,,,,,,88.8,86.0,84.5,87.9,4.3,,,,,3,2,Básico,Básico
ALCINO FRANCISCO DE SOUZA PROF EMEF,Fundamental II,2007,255.15,243.13,4.971333,0.89586,89.5,,,,,,87.7,89.8,86.4,94.9,4.5,4.4,Original,0.09999999999999964,Acima da meta,3,2,Básico,Básico
ALCINO FRANCISCO DE SOUZA PROF EMEF,Fundamental II,2009,270.25,270.54,5.679833,0.910828,91.3,,,,,,86.3,89.5,93.5,95.6,5.2,4.5,Original,0.7000000000000002,Acima da meta,3,3,Básico,Básico
ALCINO FRANCISCO DE SOUZA PROF EMEF,Fundamental II,2011,286.05,276.29,6.039,0.920291,92.5,,,,,,90.3,94.0,91.3,92.6,5.6,4.8,Original,0.7999999999999998,Acima da meta,4,4,Básico,Adequado
ALCINO FRANCISCO DE SOUZA PROF EMEF,Fundamental II,2013,256.9,246.06,5.049333,0.887886,90.1,,,,,,85.0,96.5,82.4,92.7,4.5,5.2,Original,-0.7000000000000002,Abaixo da meta,3,2,Básico,Básico
ALCINO FRANCISCO DE SOUZA PROF EMEF,Fundamental II,2015,270.84,267.73,5.642833,0.915962,91.7,,,,,,90.6,88.8,89.3,98.3,5.2,5.5,Original,-0.2999999999999998,Abaixo da meta,3,3,Básico,Básico
ALCINO FRANCISCO DE SOUZA PROF EMEF,Fundamental II,2017,277.14,280.3,5.957333,0.910416,91.3,,,,,,93.2,85.3,90.1,96.3,5.4,5.8,Original,-0.39999999999999947,Abaixo da meta,4,4,Básico,Adequado
ALCINO FRANCISCO DE SOUZA PROF EMEF,Fundamental II,2019,272.07,257.01,5.484667,0.959531,95.8,,,,,,93.8,95.8,96.5,97.8,5.3,6.0,Original,-0.7000000000000002,Abaixo da meta,3,3,Básico,Básico
ALCINO FRANCISCO DE SOUZA PROF EMEF,Fundamental II,2021,271.18,279.89,5.851167,1.0,100.0,,,,,,100.0,100.0,100.0,100.0,5.9,6.2,Original,-0.2999999999999998,Abaixo da meta,3,4,Básico,Adequado
ALCINO FRANCISCO DE SOUZA PROF EMEF,Fundamental II,2023,272.05,287.25,5.988333,0.954556,95.5,,,,,,97.6,96.7,89.9,98.1,5.7,6.2,Referência 2021,-0.5,Abaixo da meta,3,4,Básico,Adequado
ALCINO FRANCISCO DE SOUZA PROF EMEF,Fundamental II,2025,273.95,278.01,,0.983912,98.4,,,,,,100.0,98.1,97.7,97.8,5.8,6.2,Referência 2021,-0.40000000000000036,Abaixo da meta,3,4,Básico,Adequado
ALEXANDRINO DA SILVEIRA BUENO PROF EMEF,Fundamental I,2005,185.33,187.91,4.917406,0.927947,92.9,,93.8,90.7,91.8,95.0,,,,,4.6,,,,,3,3,Abaixo do básico,Básico
ALEXANDRINO DA SILVEIRA BUENO PROF EMEF,Fundamental I,2007,203.86,183.77,5.195783,0.933632,92.8,100.0,96.4,88.1,93.4,89.9,,,,,4.9,4.6,Original,0.3000000000000007,Acima da meta,4,3,Abaixo do básico,Básico
ALEXANDRINO DA SILVEIRA BUENO PROF EMEF,Fundamental I,2009,221.42,204.02,5.89908,0.902651,90.6,99.6,83.9,86.8,89.7,92.9,,,,,5.3,5.0,Original,0.2999999999999998,Acima da meta,4,4,Básico,Básico
ALEXANDRINO DA SILVEIRA BUENO PROF EMEF,Fundamental I,2011,241.55,225.39,6.671786,0.930817,92.4,100.0,86.5,92.6,94.0,93.3,,,,,6.2,5.4,Original,0.7999999999999998,Acima da meta,5,5,Básico,Adequado
ALEXANDRINO DA SILVEIRA BUENO PROF EMEF,Fundamental I,2013,231.28,216.55,6.315066,0.926958,92.8,100.0,92.4,85.7,97.2,89.6,,,,,5.9,5.6,Original,0.3000000000000007,Acima da meta,5,4,Básico,Básico
ALEXANDRINO DA SILVEIRA BUENO PROF EMEF,Fundamental I,2015,240.27,225.73,6.65354,0.993096,99.3,99.2,100.0,97.4,100.0,100.0,,,,,6.6,5.9,Original,0.6999999999999993,Acima da meta,5,5,Básico,Adequado
ALEXANDRINO DA SILVEIRA BUENO PROF EMEF,Fundamental I,2017,241.45,224.91,6.66115,0.933545,93.9,100.0,100.0,90.1,88.4,89.7,,,,,6.2,6.1,Original,0.10000000000000053,Acima da meta,5,4,Básico,Adequado
ALEXANDRINO DA SILVEIRA BUENO PROF EMEF,Fundamental I,2019,243.05,233.42,6.846412,0.976311,97.8,100.0,97.0,95.3,96.9,99.1,,,,,6.7,6.4,Original,0.2999999999999998,Acima da meta,5,5,Básico,Adequado
ALEXANDRINO DA SILVEIRA BUENO PROF EMEF,Fundamental I,2021,226.66,221.75,6.321443,1.0,100.0,100.0,100.0,100.0,100.0,100.0,,,,,6.3,6.6,Original,-0.2999999999999998,Abaixo da meta,5,4,Básico,Adequado
ALEXANDRINO DA SILVEIRA BUENO PROF EMEF,Fundamental I,2023,238.18,222.77,6.559836,0.979208,97.9,100.0,99.2,95.0,99.3,96.3,,,,,6.4,6.6,Referência 2021,-0.1999999999999993,Abaixo da meta,5,4,Básico,Adequado
ALEXANDRINO DA SILVEIRA BUENO PROF EMEF,Fundamental I,2025,235.23,221.24,,0.98216,98.2,97.5,99.1,98.4,98.6,97.5,,,,,6.4,6.6,Referência 2021,-0.1999999999999993,Abaixo da meta,5,4,Básico,Adequado
ALEXANDRINO DA SILVEIRA BUENO PROF EMEF,Fundamental II,2005,,,,,,,,,,,,,,,,,,,,,,,
ALEXANDRINO DA SILVEIRA BUENO PROF EMEF,Fundamental II,2007,,,,,,,,,,,,,,,,,Original,,,,,,
ALEXANDRINO DA SILVEIRA BUENO PROF EMEF,Fundamental II,2009,,,,,,,,,,,,,,,,,Original,,,,,,
ALEXANDRINO DA SILVEIRA BUENO PROF EMEF,Fundamental II,2011,263.22,245.92,5.152333,0.853515,85.7,,,,,,86.1,83.3,80.8,92.0,4.4,,Original,,,3,2,Básico,Básico
ALEXANDRINO DA SILVEIRA BUENO PROF EMEF,Fundamental II,2013,271.92,263.03,5.5825,0.876685,87.0,,,,,,87.0,82.1,89.2,93.1,4.9,4.6,Original,0.3000000000000007,Acima da meta,3,3,Básico,Básico
ALEXANDRINO DA SILVEIRA BUENO PROF EMEF,Fundamental II,2015,285.29,278.0,6.054833,0.902059,89.8,,,,,,88.1,86.3,90.3,96.8,5.5,4.9,Original,0.5999999999999996,Acima da meta,4,4,Básico,Adequado
ALEXANDRINO DA SILVEIRA BUENO PROF EMEF,Fundamental II,2017,277.47,273.88,5.855833,0.912423,91.6,,,,,,93.4,85.7,91.8,94.6,5.3,5.1,Original,0.20000000000000018,Acima da meta,4,3,Básico,Básico
ALEXANDRINO DA SILVEIRA BUENO PROF EMEF,Fundamental II,2019,281.47,277.71,5.986333,0.991978,99.2,,,,,,98.9,98.9,99.0,100.0,5.9,5.4,Original,0.5,Acima da meta,4,4,Básico,Adequado
ALEXANDRINO DA SILVEIRA BUENO PROF EMEF,Fundamental II,2021,278.53,275.2,5.8955,1.0,100.0,,,,,,100.0,100.0,100.0,100.0,5.9,5.6,Original,0.3000000000000007,Acima da meta,4,4,Básico,Adequado
ALEXANDRINO DA SILVEIRA BUENO PROF EMEF,Fundamental II,2023,266.81,281.4,5.8035,0.977441,97.9,,,,,,95.4,97.0,98.7,100.0,5.7,5.6,Referência 2021,0.10000000000000053,Acima da meta,3,4,Básico,Adequado
ALEXANDRINO DA SILVEIRA BUENO PROF EMEF,Fundamental II,2025,268.69,270.09,,0.954432,95.4,,,,,,95.1,96.7,94.5,95.5,5.4,5.6,Referência 2021,-0.1999999999999993,Abaixo da meta,3,3,Básico,Básico
ALFREDO DO CARMO PROFESSOR EMEF,Fundamental I,2005,,,,,,,,,,,,,,,,,,,,,,,
ALFREDO DO CARMO PROFESSOR EMEF,Fundamental I,2007,,,,,,,,,,,,,,,,,Original,,,,,,
ALFREDO DO CARMO PROFESSOR EMEF,Fundamental I,2009,,,,,,,,,,,,,,,,,Original,,,,,,
ALFREDO DO CARMO PROFESSOR EMEF,Fundamental I,2011,221.39,211.17,6.028507,0.926451,93.1,98.5,82.8,90.4,95.1,98.4,,,,,5.6,,Original,,,4,4,Básico,Básico
ALFREDO DO CARMO PROFESSOR EMEF,Fundamental I,2013,225.73,212.54,6.136241,0.951667,94.9,100.0,89.1,98.5,92.4,96.7,,,,,5.8,5.8,Original,0.0,Atingiu a meta,5,4,Básico,Básico
ALFREDO DO CARMO PROFESSOR EMEF,Fundamental I,2015,218.89,210.42,5.967161,0.968703,97.1,100.0,100.0,93.3,98.8,92.8,,,,,5.8,6.1,Original,-0.2999999999999998,Abaixo da meta,4,4,Básico,Básico
ALFREDO DO CARMO PROFESSOR EMEF,Fundamental I,2017,230.03,220.38,6.360847,0.968289,96.7,100.0,100.0,92.6,98.7,93.4,,,,,6.2,6.3,Original,-0.09999999999999964,Abaixo da meta,5,4,Básico,Adequado
ALFREDO DO CARMO PROFESSOR EMEF,Fundamental I,2019,,,,,,,,,,,,,,,,6.5,Original,,,,,,
ALFREDO DO CARMO PROFESSOR EMEF,Fundamental I,2021,,,,,,,,,,,,,,,,6.8,Original,,,,,,
ALFREDO DO CARMO PROFESSOR EMEF,Fundamental I,2023,,,,,,,,,,,,,,,,6.8,Referência 2021,,,,,,
ALFREDO DO CARMO PROFESSOR EMEF,Fundamental I,2025,,,,,,,,,,,,,,,,6.8,Referência 2021,,,,,,
ALFREDO DO CARMO PROFESSOR EMEF,Fundamental II,2005,,,,,,,,,,,,,,,,,,,,,,,
ALFREDO DO CARMO PROFESSOR EMEF,Fundamental II,2007,,,,,,,,,,,,,,,,,Original,,,,,,
ALFREDO DO CARMO PROFESSOR EMEF,Fundamental II,2009,,,,,,,,,,,,,,,,,Original,,,,,,
ALFREDO DO CARMO PROFESSOR EMEF,Fundamental II,2011,265.19,258.89,5.401333,0.888729,89.5,,,,,,90.4,91.7,88.9,84.8,4.8,,Original,,,3,3,Básico,Básico
ALFREDO DO CARMO PROFESSOR EMEF,Fundamental II,2013,244.42,247.15,4.8595,0.903666,91.2,,,,,,95.5,83.6,85.7,98.4,4.4,5.0,Original,-0.5999999999999996,Abaixo da meta,2,2,Básico,Básico
ALFREDO DO CARMO PROFESSOR EMEF,Fundamental II,2015,265.47,267.6,5.551167,0.885058,88.5,,,,,,82.5,86.9,91.7,93.8,4.9,5.3,Original,-0.39999999999999947,Abaixo da meta,3,3,Básico,Básico
ALFREDO DO CARMO PROFESSOR EMEF,Fundamental II,2017,267.47,270.83,5.638333,0.952683,94.9,,,,,,88.8,96.6,96.4,100.0,5.4,5.5,Original,-0.09999999999999964,Abaixo da meta,3,3,Básico,Básico
ALFREDO DO CARMO PROFESSOR EMEF,Fundamental II,2019,,,,,,,,,,,,,,,,5.8,Original,,,,,,
ALFREDO DO CARMO PROFESSOR EMEF,Fundamental II,2021,,,,,,,,,,,,,,,,6.0,Original,,,,,,
ALFREDO DO CARMO PROFESSOR EMEF,Fundamental II,2023,,,,,,,,,,,,,,,,6.0,Referência 2021,,,,,,
ALFREDO DO CARMO PROFESSOR EMEF,Fundamental II,2025,,,,,,,,,,,,,,,,6.0,Referência 2021,,,,,,
AMADOR AGUIAR EMEF,Fundamental I,2005,186.37,183.07,4.849233,0.920152,92.0,,95.5,92.3,88.9,91.6,,,,,4.5,,,,,3,3,Abaixo do básico,Básico
AMADOR AGUIAR EMEF,Fundamental I,2007,205.94,181.97,5.202751,0.944492,94.3,98.8,92.5,89.7,92.7,99.3,,,,,4.9,4.5,Original,0.40000000000000036,Acima da meta,4,3,Básico,Básico
AMADOR AGUIAR EMEF,Fundamental I,2009,202.96,184.19,5.186244,0.954929,95.4,100.0,93.7,92.6,95.2,96.3,,,,,5.0,4.9,Original,0.09999999999999964,Acima da meta,4,3,Abaixo do básico,Básico
AMADOR AGUIAR EMEF,Fundamental I,2011,222.15,206.38,5.95592,0.931821,93.0,99.0,90.9,93.4,94.9,88.4,,,,,5.5,5.3,Original,0.20000000000000018,Acima da meta,4,4,Básico,Básico
AMADOR AGUIAR EMEF,Fundamental I,2013,217.74,202.44,5.800124,0.921026,93.1,99.2,85.9,92.0,93.4,91.0,,,,,5.3,5.5,Original,-0.20000000000000018,Abaixo da meta,4,4,Básico,Básico
AMADOR AGUIAR EMEF,Fundamental I,2015,229.74,219.89,6.346404,0.938457,93.3,100.0,98.5,91.1,86.7,94.2,,,,,6.0,5.8,Original,0.20000000000000018,Acima da meta,5,4,Básico,Adequado
AMADOR AGUIAR EMEF,Fundamental I,2017,230.66,223.4,6.427779,0.942805,95.1,100.0,100.0,82.8,94.4,96.5,,,,,6.1,6.0,Original,0.09999999999999964,Acima da meta,5,4,Básico,Adequado
AMADOR AGUIAR EMEF,Fundamental I,2019,224.47,208.35,6.036013,0.984969,97.9,100.0,94.8,100.0,97.9,100.0,,,,,5.9,6.3,Original,-0.39999999999999947,Abaixo da meta,4,4,Básico,Básico
AMADOR AGUIAR EMEF,Fundamental I,2021,212.45,204.81,5.74226,1.0,100.0,100.0,100.0,100.0,100.0,100.0,,,,,5.7,6.5,Original,-0.7999999999999998,Abaixo da meta,4,4,Básico,Básico
AMADOR AGUIAR EMEF,Fundamental I,2023,213.94,214.79,5.95215,0.987157,98.8,100.0,100.0,100.0,99.1,94.7,,,,,5.9,6.5,Referência 2021,-0.5999999999999996,Abaixo da meta,4,4,Básico,Básico
AMADOR AGUIAR EMEF,Fundamental I,2025,217.53,200.24,,0.991947,99.1,100.0,98.9,98.1,100.0,99.0,,,,,5.7,6.5,Referência 2021,-0.7999999999999998,Abaixo da meta,4,4,Básico,Básico
AMADOR AGUIAR EMEF,Fundamental II,2005,,,,,,,,,,,,,,,,,,,,,,,
AMADOR AGUIAR EMEF,Fundamental II,2007,,,,,,,,,,,,,,,,,Original,,,,,,
AMADOR AGUIAR EMEF,Fundamental II,2009,,,,,,,,,,,,,,,,,Original,,,,,,
AMADOR AGUIAR EMEF,Fundamental II,2011,233.81,247.69,4.691667,0.846509,84.9,,,,,,83.0,81.3,81.3,94.3,4.0,,Original,,,2,2,Básico,Básico
AMADOR AGUIAR EMEF,Fundamental II,2013,254.16,246.86,5.017,0.932719,92.6,,,,,,90.2,97.1,89.7,96.6,4.7,4.2,Original,0.5,Acima da meta,3,2,Básico,Básico
AMADOR AGUIAR EMEF,Fundamental II,2015,255.21,253.8,5.150167,0.946069,94.4,,,,,,94.2,90.6,94.1,100.0,4.9,4.5,Original,0.40000000000000036,Acima da meta,3,3,Básico,Básico
AMADOR AGUIAR EMEF,Fundamental II,2017,,,,0.962058,96.2,,,,,,98.7,94.8,93.7,97.8,,4.7,Original,,,,,,
AMADOR AGUIAR EMEF,Fundamental II,2019,269.11,271.2,5.671833,0.987139,98.8,,,,,,97.1,99.0,98.8,100.0,5.6,5.0,Original,0.5999999999999996,Acima da meta,3,3,Básico,Básico
AMADOR AGUIAR EMEF,Fundamental II,2021,,,,1.0,100.0,,,,,,100.0,100.0,100.0,100.0,,5.2,Original,,,,,,
AMADOR AGUIAR EMEF,Fundamental II,2023,243.98,247.3,4.854667,0.965946,96.7,,,,,,97.7,95.9,96.0,96.8,4.7,5.2,Referência 2021,-0.5,Abaixo da meta,2,2,Básico,Básico
AMADOR AGUIAR EMEF,Fundamental II,2025,245.68,249.65,,0.981084,98.1,,,,,,96.8,97.1,98.6,100.0,4.8,5.2,Referência 2021,-0.40000000000000036,Abaixo da meta,2,2,Básico,Básico
ANNA IRENE MAZARO DE FREITAS EMEIEF,Fundamental I,2005,,,,,,,,,,,,,,,,,,,,,,,
ANNA IRENE MAZARO DE FREITAS EMEIEF,Fundamental I,2007,,,,,,,,,,,,,,,,,Original,,,,,,
ANNA IRENE MAZARO DE FREITAS EMEIEF,Fundamental I,2009,,,,,,,,,,,,,,,,,Original,,,,,,
ANNA IRENE MAZARO DE FREITAS EMEIEF,Fundamental I,2011,,,,,,,,,,,,,,,,,Original,,,,,,
ANNA IRENE MAZARO DE FREITAS EMEIEF,Fundamental I,2013,,,,,,,,,,,,,,,,,Original,,,,,,
ANNA IRENE MAZARO DE FREITAS EMEIEF,Fundamental I,2015,,,,,,,,,,,,,,,,,Original,,,,,,
ANNA IRENE MAZARO DE FREITAS EMEIEF,Fundamental I,2017,,,,,,,,,,,,,,,,,Original,,,,,,
ANNA IRENE MAZARO DE FREITAS EMEIEF,Fundamental I,2019,,,,,,,,,,,,,,,,,Original,,,,,,
ANNA IRENE MAZARO DE FREITAS EMEIEF,Fundamental I,2021,,,,,,,,,,,,,,,,,Original,,,,,,
ANNA IRENE MAZARO DE FREITAS EMEIEF,Fundamental I,2023,,,,,,,,,,,,,,,,,Referência 2021,,,,,,
ANNA IRENE MAZARO DE FREITAS EMEIEF,Fundamental I,2025,235.14,229.97,,0.974571,97.6,99.1,96.9,98.6,94.9,97.9,,,,,6.5,,Referência 2021,,,5,5,Básico,Adequado
ANNA IRENE MAZARO DE FREITAS EMEIEF,Fundamental II,2005,,,,,,,,,,,,,,,,,,,,,,,
ANNA IRENE MAZARO DE FREITAS EMEIEF,Fundamental II,2007,,,,,,,,,,,,,,,,,Original,,,,,,
ANNA IRENE MAZARO DE FREITAS EMEIEF,Fundamental II,2009,,,,,,,,,,,,,,,,,Original,,,,,,
ANNA IRENE MAZARO DE FREITAS EMEIEF,Fundamental II,2011,,,,,,,,,,,,,,,,,Original,,,,,,
ANNA IRENE MAZARO DE FREITAS EMEIEF,Fundamental II,2013,,,,,,,,,,,,,,,,,Original,,,,,,
ANNA IRENE MAZARO DE FREITAS EMEIEF,Fundamental II,2015,,,,,,,,,,,,,,,,,Original,,,,,,
ANNA IRENE MAZARO DE FREITAS EMEIEF,Fundamental II,2017,,,,,,,,,,,,,,,,,Original,,,,,,
ANNA IRENE MAZARO DE FREITAS EMEIEF,Fundamental II,2019,,,,,,,,,,,,,,,,,Original,,,,,,
ANNA IRENE MAZARO DE FREITAS EMEIEF,Fundamental II,2021,,,,,,,,,,,,,,,,,Original,,,,,,
ANNA IRENE MAZARO DE FREITAS EMEIEF,Fundamental II,2023,,,,,,,,,,,,,,,,,Referência 2021,,,,,,
ANNA IRENE MAZARO DE FREITAS EMEIEF,Fundamental II,2025,245.97,254.06,,0.983382,98.3,,,,,,98.0,100.0,97.0,98.4,4.9,,Referência 2021,,,2,3,Básico,Básico
ARISTIDES DA COSTA E SILVA PROF EMEF,Fundamental I,2005,189.93,186.83,4.985662,0.873512,86.9,,91.2,84.8,90.9,83.1,,,,,4.4,,,,,3,3,Abaixo do básico,Básico
ARISTIDES DA COSTA E SILVA PROF EMEF,Fundamental I,2007,210.5,189.5,5.426683,0.914133,94.0,99.5,78.5,93.5,90.5,98.4,,,,,5.0,4.4,Original,0.5999999999999996,Acima da meta,4,3,Básico,Básico
ARISTIDES DA COSTA E SILVA PROF EMEF,Fundamental I,2009,214.29,190.46,5.516466,0.888476,88.9,97.8,83.2,86.6,89.1,88.8,,,,,4.9,4.8,Original,0.10000000000000053,Acima da meta,4,3,Básico,Básico
ARISTIDES DA COSTA E SILVA PROF EMEF,Fundamental I,2011,227.01,208.79,6.092486,0.942462,94.2,100.0,93.7,91.2,92.5,94.3,,,,,5.7,5.2,Original,0.5,Acima da meta,5,4,Básico,Básico
ARISTIDES DA COSTA E SILVA PROF EMEF,Fundamental I,2013,202.52,189.58,5.275847,0.922728,92.1,98.5,91.3,94.0,92.0,86.4,,,,,4.9,5.4,Original,-0.5,Abaixo da meta,4,3,Abaixo do básico,Básico
ARISTIDES DA COSTA E SILVA PROF EMEF,Fundamental I,2015,226.01,219.67,6.271221,0.951627,94.8,100.0,96.2,94.7,92.3,93.0,,,,,6.0,5.7,Original,0.2999999999999998,Acima da meta,5,4,Básico,Adequado
ARISTIDES DA COSTA E SILVA PROF EMEF,Fundamental I,2017,231.11,229.97,6.555822,0.941833,94.7,98.8,100.0,84.5,95.5,93.8,,,,,6.2,5.9,Original,0.2999999999999998,Acima da meta,5,5,Básico,Adequado
ARISTIDES DA COSTA E SILVA PROF EMEF,Fundamental I,2019,241.55,232.54,6.801786,0.955433,95.4,100.0,93.2,92.3,96.3,96.3,,,,,6.5,6.2,Original,0.2999999999999998,Acima da meta,5,5,Básico,Adequado
ARISTIDES DA COSTA E SILVA PROF EMEF,Fundamental I,2021,235.75,228.59,6.61928,0.997373,99.7,100.0,100.0,100.0,100.0,98.7,,,,,6.6,6.5,Original,0.09999999999999964,Acima da meta,5,5,Básico,Adequado
ARISTIDES DA COSTA E SILVA PROF EMEF,Fundamental I,2023,234.91,220.89,6.46325,0.97733,97.7,100.0,97.7,100.0,94.3,96.9,,,,,6.3,6.5,Referência 2021,-0.20000000000000018,Abaixo da meta,5,4,Básico,Adequado
ARISTIDES DA COSTA E SILVA PROF EMEF,Fundamental I,2025,235.52,221.41,,0.987101,98.8,98.0,100.0,100.0,95.7,100.0,,,,,6.4,6.5,Referência 2021,-0.09999999999999964,Abaixo da meta,5,4,Básico,Adequado
ARISTIDES DA COSTA E SILVA PROF EMEF,Fundamental II,2005,,,,,,,,,,,,,,,,,,,,,,,
ARISTIDES DA COSTA E SILVA PROF EMEF,Fundamental II,2007,,,,,,,,,,,,,,,,,Original,,,,,,
ARISTIDES DA COSTA E SILVA PROF EMEF,Fundamental II,2009,,,,,,,,,,,,,,,,,Original,,,,,,
ARISTIDES DA COSTA E SILVA PROF EMEF,Fundamental II,2011,,,,,,,,,,,,,,,,,Original,,,,,,
ARISTIDES DA COSTA E SILVA PROF EMEF,Fundamental II,2013,,,,,,,,,,,,,,,,,Original,,,,,,
ARISTIDES DA COSTA E SILVA PROF EMEF,Fundamental II,2015,283.54,270.19,5.8955,0.939521,93.8,,,,,,93.0,91.5,91.8,100.0,5.5,,Original,,,4,3,Básico,Básico
ARISTIDES DA COSTA E SILVA PROF EMEF,Fundamental II,2017,264.15,267.05,5.52,0.89459,89.1,,,,,,85.5,82.4,91.9,100.0,4.9,5.8,Original,-0.8999999999999995,Abaixo da meta,3,3,Básico,Básico
ARISTIDES DA COSTA E SILVA PROF EMEF,Fundamental II,2019,282.63,279.33,6.032667,0.971772,97.0,,,,,,94.1,96.7,98.1,100.0,5.9,6.0,Original,-0.09999999999999964,Abaixo da meta,4,4,Básico,Adequado
ARISTIDES DA COSTA E SILVA PROF EMEF,Fundamental II,2021,265.76,269.61,5.5895,1.0,100.0,,,,,,100.0,100.0,100.0,100.0,5.6,6.2,Original,-0.6000000000000005,Abaixo da meta,3,3,Básico,Básico
ARISTIDES DA COSTA E SILVA PROF EMEF,Fundamental II,2023,240.54,254.04,4.909667,0.968357,96.8,,,,,,94.2,94.7,98.7,100.0,4.8,6.2,Referência 2021,-1.4000000000000004,Abaixo da meta,2,3,Básico,Básico
ARISTIDES DA COSTA E SILVA PROF EMEF,Fundamental II,2025,277.69,273.71,,0.987829,98.8,,,,,,100.0,98.3,96.9,100.0,5.8,6.2,Referência 2021,-0.40000000000000036,Abaixo da meta,4,3,Básico,Básico
ARMANDO CAVAZZA EMEF,Fundamental I,2005,175.17,169.85,4.39524,0.863,86.3,,,,,86.3,,,,,3.8,,,,,3,2,Abaixo do básico,Abaixo do básico
ARMANDO CAVAZZA EMEF,Fundamental I,2007,,,,,,,,,,,,,,,,3.9,Original,,,,,,
ARMANDO CAVAZZA EMEF,Fundamental I,2009,,,,,,,,,,,,,,,,4.2,Original,,,,,,
ARMANDO CAVAZZA EMEF,Fundamental I,2011,214.38,198.83,5.670365,0.954744,95.8,100.0,90.6,94.3,95.4,97.6,,,,,5.4,4.6,Original,0.8000000000000007,Acima da meta,4,3,Básico,Básico
ARMANDO CAVAZZA EMEF,Fundamental I,2013,217.48,198.8,5.72898,0.972525,97.3,98.6,97.4,96.5,97.6,96.2,,,,,5.6,4.9,Original,0.6999999999999993,Acima da meta,4,3,Básico,Básico
ARMANDO CAVAZZA EMEF,Fundamental I,2015,226.55,216.65,6.226617,0.993123,99.3,100.0,97.9,100.0,98.7,100.0,,,,,6.2,5.2,Original,1.0,Acima da meta,5,4,Básico,Básico
ARMANDO CAVAZZA EMEF,Fundamental I,2017,226.82,221.87,6.326679,0.973584,97.6,100.0,100.0,95.6,97.7,93.8,,,,,6.2,5.5,Original,0.7000000000000002,Acima da meta,5,4,Básico,Adequado
ARMANDO CAVAZZA EMEF,Fundamental I,2019,239.82,234.65,6.807134,0.981773,98.3,100.0,100.0,97.3,96.5,97.2,,,,,6.7,5.7,Original,1.0,Acima da meta,5,5,Básico,Adequado
ARMANDO CAVAZZA EMEF,Fundamental I,2021,206.42,210.17,5.724638,0.996964,99.7,100.0,100.0,100.0,100.0,98.5,,,,,5.7,6.0,Original,-0.2999999999999998,Abaixo da meta,4,4,Básico,Básico
ARMANDO CAVAZZA EMEF,Fundamental I,2023,,,,0.986723,98.8,100.0,97.4,100.0,100.0,96.1,,,,,,6.0,Referência 2021,,,,,,
ARMANDO CAVAZZA EMEF,Fundamental I,2025,227.29,220.53,,0.994062,99.4,100.0,100.0,100.0,100.0,97.1,,,,,6.3,6.0,Referência 2021,0.2999999999999998,Acima da meta,5,4,Básico,Adequado
ARMANDO CAVAZZA EMEF,Fundamental II,2005,237.57,223.37,4.34896,0.842919,87.3,,,,,,89.0,81.5,78.9,88.7,3.7,,,,,2,1,Básico,Abaixo do básico
ARMANDO CAVAZZA EMEF,Fundamental II,2007,,,,,,,,,,,,,,,,3.7,Original,,,,,,
ARMANDO CAVAZZA EMEF,Fundamental II,2009,248.05,245.05,4.885,0.907948,90.4,,,,,,86.7,89.3,93.1,94.5,4.4,3.8,Original,0.6000000000000005,Acima da meta,2,2,Básico,Básico
ARMANDO CAVAZZA EMEF,Fundamental II,2011,250.09,241.96,4.8675,0.873168,88.1,,,,,,80.3,89.0,88.6,92.3,4.3,4.1,Original,0.20000000000000018,Acima da meta,3,2,Básico,Básico
ARMANDO CAVAZZA EMEF,Fundamental II,2013,243.77,245.3,4.817833,0.918467,92.9,,,,,,88.5,90.7,90.9,97.8,4.4,4.5,Original,-0.09999999999999964,Abaixo da meta,2,2,Básico,Básico
ARMANDO CAVAZZA EMEF,Fundamental II,2015,257.45,256.47,5.232,0.966324,96.9,,,,,,96.7,95.2,94.8,100.0,5.1,4.9,Original,0.1999999999999993,Acima da meta,3,3,Básico,Básico
ARMANDO CAVAZZA EMEF,Fundamental II,2017,252.42,270.43,5.380833,0.924217,92.2,,,,,,92.5,94.3,86.7,96.8,5.0,5.2,Original,-0.20000000000000018,Abaixo da meta,3,3,Básico,Básico
ARMANDO CAVAZZA EMEF,Fundamental II,2019,268.23,270.38,5.6435,0.940177,94.2,,,,,,95.0,85.9,98.6,97.7,5.3,5.4,Original,-0.10000000000000053,Abaixo da meta,3,3,Básico,Básico
ARMANDO CAVAZZA EMEF,Fundamental II,2021,,,,0.99311,99.4,,,,,,100.0,97.3,100.0,100.0,,5.7,Original,,,,,,
ARMANDO CAVAZZA EMEF,Fundamental II,2023,262.64,262.15,5.413167,0.993204,99.4,,,,,,100.0,98.6,98.7,100.0,5.4,5.7,Referência 2021,-0.2999999999999998,Abaixo da meta,3,3,Básico,Básico
ARMANDO CAVAZZA EMEF,Fundamental II,2025,257.45,260.12,,0.981086,98.0,,,,,,95.2,100.0,97.4,100.0,5.2,5.7,Referência 2021,-0.5,Abaixo da meta,3,3,Básico,Básico
BENEDITO ADHERBAL FARBO EMEIEF,Fundamental I,2005,186.52,182.55,4.842595,0.843652,84.7,,84.1,77.0,88.6,88.9,,,,,4.1,,,,,3,3,Abaixo do básico,Básico
BENEDITO ADHERBAL FARBO EMEIEF,Fundamental I,2007,206.23,193.25,5.413376,0.896401,89.3,,91.4,87.0,89.2,91.1,,,,,4.9,4.2,Original,0.7000000000000002,Acima da meta,4,3,Básico,Básico
BENEDITO ADHERBAL FARBO EMEIEF,Fundamental I,2009,207.72,190.6,5.393629,0.975986,97.4,100.0,,,95.5,97.4,,,,,5.3,4.5,Original,0.7999999999999998,Acima da meta,4,3,Básico,Básico
BENEDITO ADHERBAL FARBO EMEIEF,Fundamental I,2011,,,,0.945652,95.1,99.1,92.5,92.4,,,,,,,,4.9,Original,,,,,,
BENEDITO ADHERBAL FARBO EMEIEF,Fundamental I,2013,207.41,200.2,5.562259,0.942687,94.9,100.0,90.7,93.3,98.3,89.9,,,,,5.2,5.2,Original,0.0,Atingiu a meta,4,4,Básico,Básico
BENEDITO ADHERBAL FARBO EMEIEF,Fundamental I,2015,214.37,206.56,5.81072,0.947886,95.1,95.3,97.5,96.6,88.7,96.4,,,,,5.5,5.4,Original,0.09999999999999964,Acima da meta,4,4,Básico,Básico
BENEDITO ADHERBAL FARBO EMEIEF,Fundamental I,2017,228.03,225.8,6.421225,0.94243,94.3,100.0,98.2,91.3,91.6,90.9,,,,,6.1,5.7,Original,0.39999999999999947,Acima da meta,5,5,Básico,Adequado
BENEDITO ADHERBAL FARBO EMEIEF,Fundamental I,2019,241.02,222.71,6.612944,0.975361,97.5,99.4,96.5,95.6,97.0,99.3,,,,,6.5,6.0,Original,0.5,Acima da meta,5,4,Básico,Adequado
BENEDITO ADHERBAL FARBO EMEIEF,Fundamental I,2021,218.93,214.6,6.043924,1.0,100.0,100.0,100.0,100.0,100.0,100.0,,,,,6.0,6.2,Original,-0.20000000000000018,Abaixo da meta,4,4,Básico,Básico
BENEDITO ADHERBAL FARBO EMEIEF,Fundamental I,2023,221.22,215.06,6.09599,0.980136,98.0,100.0,96.6,100.0,97.1,96.5,,,,,6.0,6.2,Referência 2021,-0.20000000000000018,Abaixo da meta,4,4,Básico,Básico
BENEDITO ADHERBAL FARBO EMEIEF,Fundamental I,2025,218.17,205.54,,0.972955,97.3,98.6,96.7,99.4,95.0,96.9,,,,,5.7,6.2,Referência 2021,-0.5,Abaixo da meta,4,4,Básico,Básico
BENEDITO ADHERBAL FARBO EMEIEF,Fundamental II,2005,,,,,,,,,,,,,,,,,,,,,,,
BENEDITO ADHERBAL FARBO EMEIEF,Fundamental II,2007,251.36,239.26,4.843667,0.843785,83.9,,,,,,81.0,83.8,85.2,87.8,4.1,,Original,,,3,2,Básico,Básico
BENEDITO ADHERBAL FARBO EMEIEF,Fundamental II,2009,254.44,242.8,4.954,0.901624,89.8,,,,,,85.9,90.1,93.5,91.5,4.5,4.2,Original,0.2999999999999998,Acima da meta,3,2,Básico,Básico
BENEDITO ADHERBAL FARBO EMEIEF,Fundamental II,2011,262.25,260.37,5.377,0.875081,88.2,,,,,,85.4,86.7,81.9,97.5,4.7,4.4,Original,0.2999999999999998,Acima da meta,3,3,Básico,Básico
BENEDITO ADHERBAL FARBO EMEIEF,Fundamental II,2013,254.33,254.57,5.148333,0.751604,79.1,,,,,,74.6,65.0,73.3,92.7,3.9,4.7,Original,-0.8000000000000003,Abaixo da meta,3,3,Básico,Básico
BENEDITO ADHERBAL FARBO EMEIEF,Fundamental II,2015,264.23,267.06,5.5215,0.847461,84.8,,,,,,81.9,81.9,81.1,95.7,4.7,5.1,Original,-0.39999999999999947,Abaixo da meta,3,3,Básico,Básico
BENEDITO ADHERBAL FARBO EMEIEF,Fundamental II,2017,264.93,272.83,5.629333,0.90591,90.2,,,,,,83.0,91.3,90.9,98.5,5.1,5.3,Original,-0.20000000000000018,Abaixo da meta,3,3,Básico,Básico
BENEDITO ADHERBAL FARBO EMEIEF,Fundamental II,2019,256.2,259.55,5.2625,0.93791,93.6,,,,,,88.9,90.3,98.3,98.5,4.9,5.5,Original,-0.5999999999999996,Abaixo da meta,3,3,Básico,Básico
BENEDITO ADHERBAL FARBO EMEIEF,Fundamental II,2021,262.13,256.91,5.317333,1.0,100.0,,,,,,100.0,100.0,100.0,100.0,5.3,5.8,Original,-0.5,Abaixo da meta,3,3,Básico,Básico
BENEDITO ADHERBAL FARBO EMEIEF,Fundamental II,2023,248.86,262.81,5.1945,0.954349,95.5,,,,,,95.9,91.9,94.3,100.0,5.0,5.8,Referência 2021,-0.7999999999999998,Abaixo da meta,2,3,Básico,Básico
BENEDITO ADHERBAL FARBO EMEIEF,Fundamental II,2025,,,,0.931621,93.1,,,,,,87.5,93.8,92.8,99.3,,5.8,Referência 2021,,,,,,
BRUNO TOLAINI EMEF,Fundamental I,2005,171.35,170.57,4.335387,0.947468,94.7,,93.0,93.6,98.7,93.9,,,,,4.1,,,,,2,2,Abaixo do básico,Abaixo do básico
BRUNO TOLAINI EMEF,Fundamental I,2007,209.24,192.83,5.463183,0.941104,94.2,99.2,91.9,90.9,93.6,95.4,,,,,5.1,4.2,Original,0.8999999999999995,Acima da meta,4,3,Básico,Básico
BRUNO TOLAINI EMEF,Fundamental I,2009,212.09,196.76,5.589026,0.918248,92.2,100.0,85.9,89.6,88.6,96.5,,,,,5.1,4.5,Original,0.5999999999999996,Acima da meta,4,3,Básico,Básico
BRUNO TOLAINI EMEF,Fundamental I,2011,,,,,,,,,,,,,,,,4.9,Original,,,,,,
BRUNO TOLAINI EMEF,Fundamental I,2013,,,,,,,,,,,,,,,,5.2,Original,,,,,,
BRUNO TOLAINI EMEF,Fundamental I,2015,223.7,218.34,6.202955,0.98399,98.2,100.0,100.0,96.6,97.0,98.5,,,,,6.1,5.5,Original,0.5999999999999996,Acima da meta,4,4,Básico,Básico
BRUNO TOLAINI EMEF,Fundamental I,2017,243.09,240.75,6.980448,0.969987,97.0,100.0,99.3,94.2,94.3,97.5,,,,,6.8,6.3,Original,0.5,Acima da meta,5,5,Básico,Adequado
BRUNO TOLAINI EMEF,Fundamental I,2019,252.99,232.52,7.019743,0.964607,96.5,100.0,95.5,91.4,96.6,99.3,,,,,6.8,6.5,Original,0.2999999999999998,Acima da meta,6,5,Adequado,Adequado
BRUNO TOLAINI EMEF,Fundamental I,2021,240.77,231.16,6.761809,0.998996,99.9,100.0,100.0,100.0,99.5,100.0,,,,,6.8,6.8,Original,0.0,Atingiu a meta,5,5,Básico,Adequado
BRUNO TOLAINI EMEF,Fundamental I,2023,236.36,226.5,6.592922,0.989899,99.0,100.0,99.3,100.0,97.5,98.2,,,,,6.5,6.8,Referência 2021,-0.2999999999999998,Abaixo da meta,5,5,Básico,Adequado
BRUNO TOLAINI EMEF,Fundamental I,2025,231.06,219.16,,0.987408,98.7,100.0,98.1,96.4,99.3,100.0,,,,,6.3,6.8,Referência 2021,-0.5,Abaixo da meta,5,4,Básico,Adequado
CAIO PRADO JUNIOR DEP EMEF,Fundamental I,2005,,,,,,,,,,,,,,,,,,,,,,,
CAIO PRADO JUNIOR DEP EMEF,Fundamental I,2007,,,,,,,,,,,,,,,,,Original,,,,,,
CAIO PRADO JUNIOR DEP EMEF,Fundamental I,2009,,,,,,,,,,,,,,,,,Original,,,,,,
CAIO PRADO JUNIOR DEP EMEF,Fundamental I,2011,223.49,192.19,5.723493,0.958305,96.4,99.0,85.7,96.1,100.0,100.0,,,,,5.5,,Original,,,4,3,Básico,Básico
CAIO PRADO JUNIOR DEP EMEF,Fundamental I,2013,221.47,220.63,6.202034,0.903648,90.7,100.0,80.3,92.8,91.5,89.5,,,,,5.6,5.7,Original,-0.10000000000000053,Abaixo da meta,4,4,Básico,Adequado
CAIO PRADO JUNIOR DEP EMEF,Fundamental I,2015,217.46,217.36,6.066053,0.937454,93.3,100.0,100.0,81.0,96.6,94.0,,,,,5.7,6.0,Original,-0.2999999999999998,Abaixo da meta,4,4,Básico,Básico
CAIO PRADO JUNIOR DEP EMEF,Fundamental I,2017,219.13,214.41,6.044287,0.976357,97.9,100.0,100.0,89.2,100.0,100.0,,,,,5.9,6.2,Original,-0.2999999999999998,Abaixo da meta,4,4,Básico,Básico
CAIO PRADO JUNIOR DEP EMEF,Fundamental I,2019,,,,,,,,,,,,,,,,6.5,Original,,,,,,
CAIO PRADO JUNIOR DEP EMEF,Fundamental I,2021,,,,,,,,,,,,,,,,6.7,Original,,,,,,
CAIO PRADO JUNIOR DEP EMEF,Fundamental I,2023,,,,,,,,,,,,,,,,6.7,Referência 2021,,,,,,
CAIO PRADO JUNIOR DEP EMEF,Fundamental I,2025,,,,,,,,,,,,,,,,6.7,Referência 2021,,,,,,
CAIO PRADO JUNIOR DEP EMEF,Fundamental II,2005,254.47,231.02,4.758036,0.894775,89.2,,,,,,89.8,89.2,83.9,95.8,4.3,,,,,3,2,Básico,Básico
CAIO PRADO JUNIOR DEP EMEF,Fundamental II,2007,257.69,236.62,4.905167,0.841329,84.7,,,,,,89.9,87.4,73.8,87.5,4.1,4.3,Original,-0.20000000000000018,Abaixo da meta,3,2,Básico,Básico
CAIO PRADO JUNIOR DEP EMEF,Fundamental II,2009,,,,0.893244,88.6,,,,,,86.8,92.0,,,,4.4,Original,,,,,,
CAIO PRADO JUNIOR DEP EMEF,Fundamental II,2011,267.0,256.47,5.391167,0.882489,88.7,,,,,,84.1,88.6,90.8,89.8,4.8,4.7,Original,0.09999999999999964,Acima da meta,3,3,Básico,Básico
CAIO PRADO JUNIOR DEP EMEF,Fundamental II,2013,272.03,261.33,5.556,0.856193,88.1,,,,,,80.0,81.8,85.2,97.5,4.8,5.1,Original,-0.2999999999999998,Abaixo da meta,3,3,Básico,Básico
CAIO PRADO JUNIOR DEP EMEF,Fundamental II,2015,253.6,244.04,4.960667,0.75632,76.4,,,,,,73.5,67.5,73.1,92.7,3.8,5.5,Original,-1.7000000000000002,Abaixo da meta,3,2,Básico,Básico
CAIO PRADO JUNIOR DEP EMEF,Fundamental II,2017,268.22,270.01,5.637167,0.876013,87.5,,,,,,85.2,88.2,88.2,88.9,4.9,5.7,Original,-0.7999999999999998,Abaixo da meta,3,3,Básico,Básico
CAIO PRADO JUNIOR DEP EMEF,Fundamental II,2019,,,,,,,,,,,,,,,,5.9,Original,,,,,,
CAIO PRADO JUNIOR DEP EMEF,Fundamental II,2021,,,,,,,,,,,,,,,,6.2,Original,,,,,,
CAIO PRADO JUNIOR DEP EMEF,Fundamental II,2023,,,,,,,,,,,,,,,,6.2,Referência 2021,,,,,,
CAIO PRADO JUNIOR DEP EMEF,Fundamental II,2025,,,,,,,,,,,,,,,,6.2,Referência 2021,,,,,,
CARLOS OSMARINHO DE LIMA PROF EMEF,Fundamental I,2005,,,,,,,,,,,,,,,,,,,,,,,
CARLOS OSMARINHO DE LIMA PROF EMEF,Fundamental I,2007,,,,,,,,,,,,,,,,,Original,,,,,,
CARLOS OSMARINHO DE LIMA PROF EMEF,Fundamental I,2009,,,,,,,,,,,,,,,,,Original,,,,,,
CARLOS OSMARINHO DE LIMA PROF EMEF,Fundamental I,2011,,,,,,,,,,,,,,,,,Original,,,,,,
CARLOS OSMARINHO DE LIMA PROF EMEF,Fundamental I,2013,191.31,175.72,4.809916,0.97278,97.1,100.0,91.7,100.0,98.6,96.6,,,,,4.7,,Original,,,3,3,Abaixo do básico,Abaixo do básico
CARLOS OSMARINHO DE LIMA PROF EMEF,Fundamental I,2015,215.24,215.76,5.994595,0.982934,98.3,100.0,100.0,96.1,98.7,96.8,,,,,5.9,5.0,Original,0.9000000000000004,Acima da meta,4,4,Básico,Básico
CARLOS OSMARINHO DE LIMA PROF EMEF,Fundamental I,2017,240.77,227.63,6.697627,0.968727,97.1,100.0,100.0,95.8,94.0,94.9,,,,,6.5,5.2,Original,1.2999999999999998,Acima da meta,5,5,Básico,Adequado
CARLOS OSMARINHO DE LIMA PROF EMEF,Fundamental I,2019,254.93,243.12,7.249493,0.977874,97.8,100.0,100.0,94.4,96.0,98.8,,,,,7.1,5.5,Original,1.5999999999999996,Acima da meta,6,5,Adequado,Adequado
CARLOS OSMARINHO DE LIMA PROF EMEF,Fundamental I,2021,237.64,229.78,6.676985,0.988433,98.8,98.9,100.0,96.5,98.9,100.0,,,,,6.6,5.8,Original,0.7999999999999998,Acima da meta,5,5,Básico,Adequado
CARLOS OSMARINHO DE LIMA PROF EMEF,Fundamental I,2023,246.9,242.07,7.077158,0.965036,96.4,100.0,100.0,100.0,86.7,97.3,,,,,6.8,5.8,Referência 2021,1.0,Acima da meta,5,5,Adequado,Adequado
CARLOS OSMARINHO DE LIMA PROF EMEF,Fundamental I,2025,230.35,219.73,,0.971542,97.1,98.7,94.7,97.6,98.8,96.1,,,,,6.2,5.8,Referência 2021,0.40000000000000036,Acima da meta,5,4,Básico,Adequado
CARLOS OSMARINHO DE LIMA PROF EMEF,Fundamental II,2005,,,,,,,,,,,,,,,,,,,,,,,
CARLOS OSMARINHO DE LIMA PROF EMEF,Fundamental II,2007,,,,,,,,,,,,,,,,,Original,,,,,,
CARLOS OSMARINHO DE LIMA PROF EMEF,Fundamental II,2009,,,,,,,,,,,,,,,,,Original,,,,,,
CARLOS OSMARINHO DE LIMA PROF EMEF,Fundamental II,2011,,,,,,,,,,,,,,,,,Original,,,,,,
CARLOS OSMARINHO DE LIMA PROF EMEF,Fundamental II,2013,257.5,249.2,5.111667,0.974095,97.5,,,,,,94.8,100.0,95.1,100.0,5.0,,Original,,,3,2,Básico,Básico
CARLOS OSMARINHO DE LIMA PROF EMEF,Fundamental II,2015,252.67,249.77,5.040667,0.916691,91.5,,,,,,89.9,91.7,87.7,98.0,4.6,5.2,Original,-0.6000000000000005,Abaixo da meta,3,2,Básico,Básico
CARLOS OSMARINHO DE LIMA PROF EMEF,Fundamental II,2017,281.0,295.31,6.271833,0.926455,92.9,,,,,,87.5,92.0,95.4,96.2,5.8,5.5,Original,0.2999999999999998,Acima da meta,4,4,Básico,Adequado
CARLOS OSMARINHO DE LIMA PROF EMEF,Fundamental II,2019,278.7,286.05,6.079167,0.971305,97.2,,,,,,94.2,97.7,100.0,96.8,5.9,5.7,Original,0.20000000000000018,Acima da meta,4,4,Básico,Adequado
CARLOS OSMARINHO DE LIMA PROF EMEF,Fundamental II,2021,274.91,285.37,6.004667,1.0,100.0,,,,,,100.0,100.0,100.0,100.0,6.0,5.9,Original,0.09999999999999964,Acima da meta,3,4,Básico,Adequado
CARLOS OSMARINHO DE LIMA PROF EMEF,Fundamental II,2023,283.03,284.54,6.126167,0.973137,97.3,,,,,,98.8,97.8,96.1,96.6,6.0,5.9,Referência 2021,0.09999999999999964,Acima da meta,4,4,Básico,Adequado
CARLOS OSMARINHO DE LIMA PROF EMEF,Fundamental II,2025,253.62,261.46,,0.985334,98.5,,,,,,98.9,100.0,96.5,98.8,5.2,5.9,Referência 2021,-0.7000000000000002,Abaixo da meta,3,3,Básico,Básico
DALVA FOGACA PROFA EMEF,Fundamental I,2005,,,,,,,,,,,,,,,,,,,,,,,
DALVA FOGACA PROFA EMEF,Fundamental I,2007,,,,,,,,,,,,,,,,,Original,,,,,,
DALVA FOGACA PROFA EMEF,Fundamental I,2009,,,,,,,,,,,,,,,,,Original,,,,,,
DALVA FOGACA PROFA EMEF,Fundamental I,2011,231.48,212.9,6.252519,0.964456,96.4,100.0,95.5,92.4,98.8,95.9,,,,,6.0,,Original,,,5,4,Básico,Básico
DALVA FOGACA PROFA EMEF,Fundamental I,2013,217.61,204.52,5.835461,0.955155,95.8,99.1,95.6,92.0,98.4,92.9,,,,,5.6,6.3,Original,-0.7000000000000002,Abaixo da meta,4,4,Básico,Básico
DALVA FOGACA PROFA EMEF,Fundamental I,2015,224.29,222.64,6.292396,0.971588,97.0,97.2,97.8,99.1,94.7,97.1,,,,,6.1,6.5,Original,-0.40000000000000036,Abaixo da meta,4,4,Básico,Adequado
DALVA FOGACA PROFA EMEF,Fundamental I,2017,236.84,234.67,6.750627,0.967634,96.8,99.0,100.0,90.6,97.5,97.3,,,,,6.5,6.7,Original,-0.20000000000000018,Abaixo da meta,5,5,Básico,Adequado
DALVA FOGACA PROFA EMEF,Fundamental I,2019,247.99,236.8,7.002141,0.979169,97.9,100.0,98.2,94.1,98.4,99.1,,,,,6.9,6.9,Original,0.0,Atingiu a meta,5,5,Adequado,Adequado
DALVA FOGACA PROFA EMEF,Fundamental I,2021,223.23,213.69,6.10944,0.994753,99.5,100.0,100.0,100.0,99.1,98.3,,,,,6.1,7.1,Original,-1.0,Abaixo da meta,4,4,Básico,Básico
DALVA FOGACA PROFA EMEF,Fundamental I,2023,225.64,213.8,6.157432,0.95326,95.4,99.3,95.3,92.4,95.8,94.1,,,,,5.9,7.1,Referência 2021,-1.1999999999999993,Abaixo da meta,5,4,Básico,Básico
DALVA FOGACA PROFA EMEF,Fundamental I,2025,225.1,210.07,,0.9818,98.3,96.9,100.0,100.0,99.2,95.0,,,,,6.0,7.1,Referência 2021,-1.0999999999999996,Abaixo da meta,5,4,Básico,Básico
DALVA FOGACA PROFA EMEF,Fundamental II,2005,246.97,230.29,4.620864,0.893436,89.0,,,,,,87.7,91.0,87.7,91.1,4.1,,,,,2,2,Básico,Básico
DALVA FOGACA PROFA EMEF,Fundamental II,2007,246.91,233.68,4.6765,0.88472,88.6,,,,,,85.0,91.4,90.7,87.1,4.1,4.2,Original,-0.10000000000000053,Abaixo da meta,2,2,Básico,Básico
DALVA FOGACA PROFA EMEF,Fundamental II,2009,237.4,237.17,4.576167,0.886061,88.7,,,,,,89.3,89.9,86.5,88.8,4.1,4.3,Original,-0.20000000000000018,Abaixo da meta,2,2,Básico,Básico
DALVA FOGACA PROFA EMEF,Fundamental II,2011,272.5,271.34,5.730667,0.909869,91.5,,,,,,89.9,88.0,94.5,91.8,5.2,4.6,Original,0.6000000000000005,Acima da meta,3,3,Básico,Básico
DALVA FOGACA PROFA EMEF,Fundamental II,2013,266.13,253.84,5.332833,0.920361,92.4,,,,,,88.9,89.0,94.6,96.1,4.9,5.0,Original,-0.09999999999999964,Abaixo da meta,3,3,Básico,Básico
DALVA FOGACA PROFA EMEF,Fundamental II,2015,271.77,268.81,5.676333,0.920369,92.2,,,,,,92.2,87.3,92.8,96.3,5.2,5.3,Original,-0.09999999999999964,Abaixo da meta,3,3,Básico,Básico
DALVA FOGACA PROFA EMEF,Fundamental II,2017,281.16,273.66,5.913667,0.968464,96.9,,,,,,99.2,95.5,95.1,97.7,5.7,5.6,Original,0.10000000000000053,Acima da meta,4,3,Básico,Básico
DALVA FOGACA PROFA EMEF,Fundamental II,2019,286.98,285.66,6.210667,0.989681,98.9,,,,,,97.7,100.0,99.2,99.0,6.1,5.8,Original,0.2999999999999998,Acima da meta,4,4,Básico,Adequado
DALVA FOGACA PROFA EMEF,Fundamental II,2021,278.05,285.77,6.063667,1.0,100.0,,,,,,100.0,100.0,100.0,100.0,6.1,6.1,Original,0.0,Atingiu a meta,4,4,Básico,Adequado
DALVA FOGACA PROFA EMEF,Fundamental II,2023,276.93,273.73,5.844333,0.954241,95.4,,,,,,95.6,95.1,95.2,95.8,5.6,6.1,Referência 2021,-0.5,Abaixo da meta,4,3,Básico,Básico
DALVA FOGACA PROFA EMEF,Fundamental II,2025,263.04,256.96,,0.982379,98.2,,,,,,97.6,97.1,98.3,100.0,5.2,6.1,Referência 2021,-0.8999999999999995,Abaixo da meta,3,3,Básico,Básico
DEIRO FELICIO DE ANDRADE REV EMEF,Fundamental I,2005,191.3,191.91,5.104113,0.921565,92.1,,92.8,90.0,93.4,92.5,,,,,4.7,,,,,3,3,Abaixo do básico,Básico
DEIRO FELICIO DE ANDRADE REV EMEF,Fundamental I,2007,208.39,194.15,5.470961,0.956438,95.9,100.0,93.6,95.0,92.5,97.5,,,,,5.2,4.8,Original,0.40000000000000036,Acima da meta,4,3,Básico,Básico
DEIRO FELICIO DE ANDRADE REV EMEF,Fundamental I,2009,199.68,187.77,5.18874,0.932517,93.0,99.6,88.3,91.8,92.4,94.9,,,,,4.8,5.1,Original,-0.2999999999999998,Abaixo da meta,3,3,Abaixo do básico,Básico
DEIRO FELICIO DE ANDRADE REV EMEF,Fundamental I,2011,224.51,208.01,6.030595,0.937267,92.8,100.0,92.3,90.4,95.7,90.9,,,,,5.7,5.5,Original,0.20000000000000018,Acima da meta,4,4,Básico,Básico
DEIRO FELICIO DE ANDRADE REV EMEF,Fundamental I,2013,232.74,216.72,6.346019,0.906147,89.9,100.0,88.9,90.9,88.7,85.8,,,,,5.8,5.7,Original,0.09999999999999964,Acima da meta,5,4,Básico,Básico
DEIRO FELICIO DE ANDRADE REV EMEF,Fundamental I,2015,241.5,231.43,6.78065,0.942828,94.2,95.8,98.8,90.2,95.2,91.9,,,,,6.4,6.0,Original,0.40000000000000036,Acima da meta,5,5,Básico,Adequado
DEIRO FELICIO DE ANDRADE REV EMEF,Fundamental I,2017,244.87,236.52,6.937508,0.982643,98.2,100.0,100.0,97.7,98.8,95.0,,,,,6.8,6.2,Original,0.5999999999999996,Acima da meta,5,5,Adequado,Adequado
DEIRO FELICIO DE ANDRADE REV EMEF,Fundamental I,2019,246.82,224.42,6.754722,0.956312,95.9,100.0,90.7,93.8,97.6,96.6,,,,,6.5,6.5,Original,0.0,Atingiu a meta,5,4,Adequado,Adequado
DEIRO FELICIO DE ANDRADE REV EMEF,Fundamental I,2021,237.78,220.35,6.508203,1.0,100.0,100.0,100.0,100.0,100.0,100.0,,,,,6.5,6.7,Original,-0.20000000000000018,Abaixo da meta,5,4,Básico,Adequado
DEIRO FELICIO DE ANDRADE REV EMEF,Fundamental I,2023,237.86,230.38,6.692093,0.968149,96.9,100.0,96.4,93.5,96.9,97.5,,,,,6.5,6.7,Referência 2021,-0.20000000000000018,Abaixo da meta,5,5,Básico,Adequado
DEIRO FELICIO DE ANDRADE REV EMEF,Fundamental I,2025,245.55,239.3,,0.995976,99.6,100.0,99.0,100.0,100.0,99.0,,,,,7.0,6.7,Referência 2021,0.2999999999999998,Acima da meta,5,5,Adequado,Adequado
DEIRO FELICIO DE ANDRADE REV EMEF,Fundamental II,2005,,,,,,,,,,,,,,,,,,,,,,,
DEIRO FELICIO DE ANDRADE REV EMEF,Fundamental II,2007,,,,,,,,,,,,,,,,,Original,,,,,,
DEIRO FELICIO DE ANDRADE REV EMEF,Fundamental II,2009,,,,,,,,,,,,,,,,,Original,,,,,,
DEIRO FELICIO DE ANDRADE REV EMEF,Fundamental II,2011,,,,,,,,,,,,,,,,,Original,,,,,,
DEIRO FELICIO DE ANDRADE REV EMEF,Fundamental II,2013,,,,,,,,,,,,,,,,,Original,,,,,,
DEIRO FELICIO DE ANDRADE REV EMEF,Fundamental II,2015,272.08,273.74,5.763667,0.922642,92.4,,,,,,90.6,94.0,88.8,96.0,5.3,,Original,,,3,3,Básico,Básico
DEIRO FELICIO DE ANDRADE REV EMEF,Fundamental II,2017,278.85,276.36,5.920167,0.926184,93.2,,,,,,91.3,90.0,93.3,96.1,5.5,5.5,Original,0.0,Atingiu a meta,4,4,Básico,Adequado
DEIRO FELICIO DE ANDRADE REV EMEF,Fundamental II,2019,287.64,282.06,6.161667,0.981275,98.0,,,,,,97.7,96.0,98.9,100.0,6.0,5.8,Original,0.20000000000000018,Acima da meta,4,4,Básico,Adequado
DEIRO FELICIO DE ANDRADE REV EMEF,Fundamental II,2021,273.01,265.93,5.649,1.0,100.0,,,,,,100.0,100.0,100.0,100.0,5.6,6.0,Original,-0.40000000000000036,Abaixo da meta,3,3,Básico,Básico
DEIRO FELICIO DE ANDRADE REV EMEF,Fundamental II,2023,268.13,270.83,5.649333,0.958924,96.0,,,,,,96.6,97.9,93.1,96.1,5.4,6.0,Referência 2021,-0.5999999999999996,Abaixo da meta,3,3,Básico,Básico
DEIRO FELICIO DE ANDRADE REV EMEF,Fundamental II,2025,,,,0.981341,98.0,,,,,,97.1,96.9,98.6,100.0,,6.0,Referência 2021,,,,,,
DORIVAL FARIA EMEF,Fundamental I,2005,188.51,181.07,4.853858,0.969572,96.9,,96.4,99.0,95.4,97.1,,,,,4.7,,,,,3,3,Abaixo do básico,Básico
DORIVAL FARIA EMEF,Fundamental I,2007,226.79,200.75,5.942106,0.963018,96.6,100.0,94.2,95.9,95.9,95.7,,,,,5.7,4.8,Original,0.9000000000000004,Acima da meta,5,4,Básico,Básico
DORIVAL FARIA EMEF,Fundamental I,2009,225.27,204.28,5.97728,0.96787,97.1,97.0,91.8,99.0,98.4,98.1,,,,,5.8,5.1,Original,0.7000000000000002,Acima da meta,5,4,Básico,Básico
DORIVAL FARIA EMEF,Fundamental I,2011,250.23,232.81,6.972344,0.970979,97.3,100.0,96.8,95.0,95.0,98.9,,,,,6.8,5.5,Original,1.2999999999999998,Acima da meta,6,5,Adequado,Adequado
DORIVAL FARIA EMEF,Fundamental I,2013,241.89,227.49,6.716456,0.978026,97.8,100.0,99.1,96.2,95.0,98.9,,,,,6.6,5.7,Original,0.8999999999999995,Acima da meta,5,5,Básico,Adequado
DORIVAL FARIA EMEF,Fundamental I,2015,234.32,235.43,6.716354,0.982754,98.2,100.0,100.0,93.6,98.1,100.0,,,,,6.6,6.0,Original,0.5999999999999996,Acima da meta,5,5,Básico,Adequado
DORIVAL FARIA EMEF,Fundamental I,2017,253.37,243.02,7.217904,0.951575,95.4,99.2,100.0,88.7,97.8,91.2,,,,,6.9,6.2,Original,0.7000000000000002,Acima da meta,6,5,Adequado,Adequado
DORIVAL FARIA EMEF,Fundamental I,2019,255.39,237.52,7.156453,0.968091,96.7,99.2,95.4,94.9,96.1,98.6,,,,,6.9,6.5,Original,0.40000000000000036,Acima da meta,6,5,Adequado,Adequado
DORIVAL FARIA EMEF,Fundamental I,2021,237.33,230.08,6.676524,0.996994,99.7,99.5,100.0,100.0,99.5,99.5,,,,,6.7,6.7,Original,0.0,Atingiu a meta,5,5,Básico,Adequado
DORIVAL FARIA EMEF,Fundamental I,2023,244.57,232.74,6.863056,0.983788,98.4,100.0,97.4,99.1,99.4,96.1,,,,,6.8,6.7,Referência 2021,0.09999999999999964,Acima da meta,5,5,Adequado,Adequado
DORIVAL FARIA EMEF,Fundamental I,2025,235.57,221.8,,0.990569,99.0,100.0,98.6,99.4,98.6,98.7,,,,,6.4,6.7,Referência 2021,-0.2999999999999998,Abaixo da meta,5,4,Básico,Adequado
DORIVAL FARIA EMEF,Fundamental II,2005,,,,,,,,,,,,,,,,,,,,,,,
DORIVAL FARIA EMEF,Fundamental II,2007,,,,,,,,,,,,,,,,,Original,,,,,,
DORIVAL FARIA EMEF,Fundamental II,2009,,,,,,,,,,,,,,,,,Original,,,,,,
DORIVAL FARIA EMEF,Fundamental II,2011,,,,,,,,,,,,,,,,,Original,,,,,,
DORIVAL FARIA EMEF,Fundamental II,2013,,,,,,,,,,,,,,,,,Original,,,,,,
DORIVAL FARIA EMEF,Fundamental II,2015,,,,,,,,,,,,,,,,,Original,,,,,,
DORIVAL FARIA EMEF,Fundamental II,2017,,,,,,,,,,,,,,,,,Original,,,,,,
DORIVAL FARIA EMEF,Fundamental II,2019,291.01,282.36,6.222833,0.9723,97.3,,,,,,93.8,98.9,98.8,97.6,6.1,,Original,,,4,4,Básico,Adequado
DORIVAL FARIA EMEF,Fundamental II,2021,,,,0.998745,99.9,,,,,,100.0,99.5,100.0,100.0,,6.3,Original,,,,,,
DORIVAL FARIA EMEF,Fundamental II,2023,265.59,266.39,5.533,0.984141,98.4,,,,,,99.1,98.3,96.8,99.5,5.4,6.3,Referência 2021,-0.8999999999999995,Abaixo da meta,3,3,Básico,Básico
DORIVAL FARIA EMEF,Fundamental II,2025,270.87,269.55,,0.983834,98.4,,,,,,96.4,99.5,98.2,99.5,5.6,6.3,Referência 2021,-0.7000000000000002,Abaixo da meta,3,3,Básico,Básico
EGIDIO COSTA PROFESSOR EMEF,Fundamental I,2005,,,,,,,,,,,,,,,,,,,,,,,
EGIDIO COSTA PROFESSOR EMEF,Fundamental I,2007,,,,,,,,,,,,,,,,,Original,,,,,,
EGIDIO COSTA PROFESSOR EMEF,Fundamental I,2009,,,,,,,,,,,,,,,,,Original,,,,,,
EGIDIO COSTA PROFESSOR EMEF,Fundamental I,2011,,,,,,,,,,,,,,,,,Original,,,,,,
EGIDIO COSTA PROFESSOR EMEF,Fundamental I,2013,,,,,,,,,,,,,,,,,Original,,,,,,
EGIDIO COSTA PROFESSOR EMEF,Fundamental I,2015,,,,,,,,,,,,,,,,,Original,,,,,,
EGIDIO COSTA PROFESSOR EMEF,Fundamental I,2017,,,,,,,,,,,,,,,,,Original,,,,,,
EGIDIO COSTA PROFESSOR EMEF,Fundamental I,2019,235.82,219.34,6.452434,0.970492,96.9,100.0,91.8,94.1,100.0,100.0,,,,,6.3,,Original,,,5,4,Básico,Adequado
EGIDIO COSTA PROFESSOR EMEF,Fundamental I,2021,226.25,228.01,6.427437,0.986307,98.7,100.0,100.0,96.0,100.0,97.3,,,,,6.3,6.5,Original,-0.20000000000000018,Abaixo da meta,5,5,Básico,Adequado
EGIDIO COSTA PROFESSOR EMEF,Fundamental I,2023,219.36,208.82,5.94704,0.996347,99.6,100.0,100.0,98.2,100.0,100.0,,,,,5.9,6.5,Referência 2021,-0.5999999999999996,Abaixo da meta,4,4,Básico,Básico
EGIDIO COSTA PROFESSOR EMEF,Fundamental I,2025,230.92,213.39,,0.956735,95.8,95.5,97.4,94.5,100.0,91.4,,,,,6.0,6.5,Referência 2021,-0.5,Abaixo da meta,5,4,Básico,Básico
EGIDIO COSTA PROFESSOR EMEF,Fundamental II,2005,,,,,,,,,,,,,,,,,,,,,,,
EGIDIO COSTA PROFESSOR EMEF,Fundamental II,2007,,,,,,,,,,,,,,,,,Original,,,,,,
EGIDIO COSTA PROFESSOR EMEF,Fundamental II,2009,253.46,254.85,5.1385,0.967312,96.7,,,,,,,97.1,97.0,96.1,5.0,,Original,,,3,3,Básico,Básico
EGIDIO COSTA PROFESSOR EMEF,Fundamental II,2011,260.45,262.42,5.381167,0.942114,94.4,,,,,,87.4,95.5,96.9,97.8,5.1,5.1,Original,0.0,Atingiu a meta,3,3,Básico,Básico
EGIDIO COSTA PROFESSOR EMEF,Fundamental II,2013,267.11,253.36,5.341167,0.941824,94.2,,,,,,93.8,91.3,95.0,96.8,5.0,5.4,Original,-0.40000000000000036,Abaixo da meta,3,3,Básico,Básico
EGIDIO COSTA PROFESSOR EMEF,Fundamental II,2015,272.51,265.22,5.628833,0.827405,82.5,,,,,,85.3,75.0,79.2,93.8,4.7,5.7,Original,-1.0,Abaixo da meta,3,3,Básico,Básico
EGIDIO COSTA PROFESSOR EMEF,Fundamental II,2017,269.28,270.26,5.659,0.959917,95.7,,,,,,93.2,96.6,96.2,98.1,5.4,5.9,Original,-0.5,Abaixo da meta,3,3,Básico,Básico
EGIDIO COSTA PROFESSOR EMEF,Fundamental II,2019,275.0,276.08,5.851333,0.980153,98.5,,,,,,98.1,95.1,99.0,100.0,5.7,6.1,Original,-0.39999999999999947,Abaixo da meta,4,4,Básico,Adequado
EGIDIO COSTA PROFESSOR EMEF,Fundamental II,2021,271.03,263.68,5.5785,0.982954,98.5,,,,,,100.0,97.1,96.2,100.0,5.5,6.4,Original,-0.9000000000000004,Abaixo da meta,3,3,Básico,Básico
EGIDIO COSTA PROFESSOR EMEF,Fundamental II,2023,274.41,278.69,5.885,0.990409,98.9,,,,,,98.1,100.0,98.1,100.0,5.8,6.4,Referência 2021,-0.6000000000000005,Abaixo da meta,3,4,Básico,Adequado
EGIDIO COSTA PROFESSOR EMEF,Fundamental II,2025,241.07,244.71,,0.933888,93.8,,,,,,96.5,85.1,93.3,100.0,4.4,6.4,Referência 2021,-2.0,Abaixo da meta,2,2,Básico,Básico
EIZABURO NOMURA PROF EMEF,Fundamental I,2005,,,,,,,,,,,,,,,,,,,,,,,
EIZABURO NOMURA PROF EMEF,Fundamental I,2007,,,,,,,,,,,,,,,,,Original,,,,,,
EIZABURO NOMURA PROF EMEF,Fundamental I,2009,,,,,,,,,,,,,,,,,Original,,,,,,
EIZABURO NOMURA PROF EMEF,Fundamental I,2011,234.1,219.23,6.41761,0.984724,98.5,100.0,97.8,98.6,98.5,97.5,,,,,6.3,,Original,,,5,4,Básico,Adequado
EIZABURO NOMURA PROF EMEF,Fundamental I,2013,238.57,228.91,6.678915,0.979829,98.0,100.0,97.8,94.9,100.0,97.4,,,,,6.5,6.5,Original,0.0,Atingiu a meta,5,5,Básico,Adequado
EIZABURO NOMURA PROF EMEF,Fundamental I,2015,232.96,217.76,6.369127,0.982857,98.3,98.8,100.0,99.0,100.0,93.9,,,,,6.3,6.7,Original,-0.40000000000000036,Abaixo da meta,5,4,Básico,Básico
EIZABURO NOMURA PROF EMEF,Fundamental I,2017,239.07,231.91,6.743003,0.972543,97.3,100.0,95.7,96.6,96.0,98.1,,,,,6.6,6.9,Original,-0.3000000000000007,Abaixo da meta,5,5,Básico,Adequado
EIZABURO NOMURA PROF EMEF,Fundamental I,2019,,,,0.966664,96.6,97.0,97.6,93.5,98.9,96.5,,,,,,7.1,Original,,,,,,
EIZABURO NOMURA PROF EMEF,Fundamental I,2021,226.2,221.18,6.302301,1.0,100.0,100.0,100.0,100.0,100.0,100.0,,,,,6.3,7.3,Original,-1.0,Abaixo da meta,5,4,Básico,Adequado
EIZABURO NOMURA PROF EMEF,Fundamental I,2023,233.74,224.94,6.514558,0.970443,97.1,98.8,98.9,93.2,95.7,98.9,,,,,6.3,7.3,Referência 2021,-1.0,Abaixo da meta,5,4,Básico,Adequado
EIZABURO NOMURA PROF EMEF,Fundamental I,2025,239.35,234.91,,0.976857,97.7,98.4,94.8,100.0,96.6,98.8,,,,,6.6,7.3,Referência 2021,-0.7000000000000002,Abaixo da meta,5,5,Básico,Adequado
EIZABURO NOMURA PROF EMEF,Fundamental II,2005,,,,,,,,,,,,,,,,,,,,,,,
EIZABURO NOMURA PROF EMEF,Fundamental II,2007,,,,,,,,,,,,,,,,,Original,,,,,,
EIZABURO NOMURA PROF EMEF,Fundamental II,2009,,,,,,,,,,,,,,,,,Original,,,,,,
EIZABURO NOMURA PROF EMEF,Fundamental II,2011,266.05,256.49,5.375667,0.945699,94.4,,,,,,95.8,92.3,92.6,97.8,5.1,,Original,,,3,3,Básico,Básico
EIZABURO NOMURA PROF EMEF,Fundamental II,2013,263.26,261.69,5.415833,0.936878,94.4,,,,,,90.1,93.0,93.0,99.1,5.1,5.3,Original,-0.20000000000000018,Abaixo da meta,3,3,Básico,Básico
EIZABURO NOMURA PROF EMEF,Fundamental II,2015,271.08,269.57,5.6775,0.892811,89.4,,,,,,86.7,89.6,86.1,95.3,5.1,5.5,Original,-0.40000000000000036,Abaixo da meta,3,3,Básico,Básico
EIZABURO NOMURA PROF EMEF,Fundamental II,2017,270.97,281.44,5.8735,0.946062,94.6,,,,,,95.1,93.5,93.3,96.6,5.6,5.8,Original,-0.20000000000000018,Abaixo da meta,3,4,Básico,Adequado
EIZABURO NOMURA PROF EMEF,Fundamental II,2019,297.64,289.33,6.4495,0.946179,94.8,,,,,,90.2,95.4,93.4,100.0,6.1,6.0,Original,0.09999999999999964,Acima da meta,4,4,Básico,Adequado
EIZABURO NOMURA PROF EMEF,Fundamental II,2021,268.45,278.05,5.775,1.0,100.0,,,,,,100.0,100.0,100.0,100.0,5.8,6.2,Original,-0.40000000000000036,Abaixo da meta,3,4,Básico,Adequado
EIZABURO NOMURA PROF EMEF,Fundamental II,2023,259.38,266.36,5.429,0.984887,98.4,,,,,,97.2,98.9,97.9,100.0,5.3,6.2,Referência 2021,-0.9000000000000004,Abaixo da meta,3,3,Básico,Básico
EIZABURO NOMURA PROF EMEF,Fundamental II,2025,254.72,257.12,,0.983358,98.3,,,,,,98.6,96.7,98.1,100.0,5.1,6.2,Referência 2021,-1.1000000000000005,Abaixo da meta,3,3,Básico,Básico
ELIDIO MANTOVANI PADRE EMEF,Fundamental I,2005,,,,,,,,,,,,,,,,,,,,,,,
ELIDIO MANTOVANI PADRE EMEF,Fundamental I,2007,,,,,,,,,,,,,,,,,Original,,,,,,
ELIDIO MANTOVANI PADRE EMEF,Fundamental I,2009,,,,,,,,,,,,,,,,,Original,,,,,,
ELIDIO MANTOVANI PADRE EMEF,Fundamental I,2011,,,,,,,,,,,,,,,,,Original,,,,,,
ELIDIO MANTOVANI PADRE EMEF,Fundamental I,2013,,,,,,,,,,,,,,,,,Original,,,,,,
ELIDIO MANTOVANI PADRE EMEF,Fundamental I,2015,222.36,220.74,6.221019,0.971566,97.2,100.0,100.0,98.1,97.5,90.8,,,,,6.0,,Original,,,4,4,Básico,Adequado
ELIDIO MANTOVANI PADRE EMEF,Fundamental I,2017,233.93,226.14,6.540002,0.978333,97.4,100.0,100.0,98.5,94.6,96.3,,,,,6.4,6.3,Original,0.10000000000000053,Acima da meta,5,5,Básico,Adequado
ELIDIO MANTOVANI PADRE EMEF,Fundamental I,2019,245.33,234.27,6.905378,0.97099,97.3,100.0,98.5,94.4,95.6,97.2,,,,,6.7,6.5,Original,0.20000000000000018,Acima da meta,5,5,Adequado,Adequado
ELIDIO MANTOVANI PADRE EMEF,Fundamental I,2021,225.63,221.63,6.299605,1.0,100.0,100.0,100.0,100.0,100.0,100.0,,,,,6.3,6.7,Original,-0.40000000000000036,Abaixo da meta,5,4,Básico,Adequado
ELIDIO MANTOVANI PADRE EMEF,Fundamental I,2023,,,,,,,,,,,,,,,,6.7,Referência 2021,,,,,,
ELIDIO MANTOVANI PADRE EMEF,Fundamental I,2025,,,,,,,,,,,,,,,,6.7,Referência 2021,,,,,,
ELIDIO MANTOVANI PADRE EMEF,Fundamental II,2005,245.04,233.31,4.639186,0.847628,84.8,,,,,,83.3,86.2,86.9,82.8,3.9,,,,,2,2,Básico,Básico
ELIDIO MANTOVANI PADRE EMEF,Fundamental II,2007,254.49,240.01,4.908333,0.83542,83.3,,,,,,84.9,82.8,83.0,83.5,4.1,4.0,Original,0.09999999999999964,Acima da meta,3,2,Básico,Básico
ELIDIO MANTOVANI PADRE EMEF,Fundamental II,2009,253.81,251.25,5.084333,0.863614,86.9,,,,,,89.2,87.1,81.3,88.3,4.4,4.1,Original,0.3000000000000007,Acima da meta,3,3,Básico,Básico
ELIDIO MANTOVANI PADRE EMEF,Fundamental II,2011,264.17,269.24,5.556833,0.923584,92.8,,,,,,90.6,89.8,93.1,96.2,5.1,4.4,Original,0.6999999999999993,Acima da meta,3,3,Básico,Básico
ELIDIO MANTOVANI PADRE EMEF,Fundamental II,2013,242.14,240.71,4.714167,0.870635,89.3,,,,,,92.8,89.2,75.8,92.9,4.1,4.8,Original,-0.7000000000000002,Abaixo da meta,2,2,Básico,Básico
ELIDIO MANTOVANI PADRE EMEF,Fundamental II,2015,263.63,269.73,5.556,0.944361,94.8,,,,,,96.2,91.4,94.4,95.9,5.2,5.2,Original,0.0,Atingiu a meta,3,3,Básico,Básico
ELIDIO MANTOVANI PADRE EMEF,Fundamental II,2017,263.55,271.38,5.582167,0.944433,94.5,,,,,,95.5,93.3,94.7,94.3,5.3,5.4,Original,-0.10000000000000053,Abaixo da meta,3,3,Básico,Básico
ELIDIO MANTOVANI PADRE EMEF,Fundamental II,2019,275.87,282.83,5.978333,0.990486,99.0,,,,,,100.0,96.3,100.0,100.0,5.9,5.6,Original,0.3000000000000007,Acima da meta,4,4,Básico,Adequado
ELIDIO MANTOVANI PADRE EMEF,Fundamental II,2021,267.12,278.81,5.7655,0.993707,99.4,,,,,,98.5,100.0,99.0,100.0,5.7,5.9,Original,-0.20000000000000018,Abaixo da meta,3,4,Básico,Adequado
ELIDIO MANTOVANI PADRE EMEF,Fundamental II,2023,,,,,,,,,,,,,,,,5.9,Referência 2021,,,,,,
ELIDIO MANTOVANI PADRE EMEF,Fundamental II,2025,,,,,,,,,,,,,,,,5.9,Referência 2021,,,,,,
ELISABET TITTO VEREADORA EMEIEF,Fundamental I,2005,178.98,178.38,4.623015,0.907198,90.8,,94.1,89.7,88.0,91.3,,,,,4.2,,,,,3,3,Abaixo do básico,Abaixo do básico
ELISABET TITTO VEREADORA EMEIEF,Fundamental I,2007,204.84,189.04,5.310304,0.925214,92.6,100.0,91.1,91.2,90.2,90.8,,,,,4.9,4.3,Original,0.6000000000000005,Acima da meta,4,3,Básico,Básico
ELISABET TITTO VEREADORA EMEIEF,Fundamental I,2009,215.76,190.34,5.542337,0.906339,91.3,100.0,85.0,89.5,87.4,92.7,,,,,5.0,4.6,Original,0.40000000000000036,Acima da meta,4,3,Básico,Básico
ELISABET TITTO VEREADORA EMEIEF,Fundamental I,2011,218.15,206.21,5.876493,0.959791,96.1,100.0,96.7,96.4,94.2,92.9,,,,,5.6,5.0,Original,0.5999999999999996,Acima da meta,4,4,Básico,Básico
ELISABET TITTO VEREADORA EMEIEF,Fundamental I,2013,230.84,212.26,6.228669,0.948522,94.9,100.0,92.5,90.7,95.3,96.3,,,,,5.9,5.3,Original,0.6000000000000005,Acima da meta,5,4,Básico,Básico
ELISABET TITTO VEREADORA EMEIEF,Fundamental I,2015,,,,,,,,,,,,,,,,5.5,Original,,,,,,
ELISABET TITTO VEREADORA EMEIEF,Fundamental I,2017,229.62,223.37,6.407387,0.936739,93.8,96.8,100.0,89.2,89.4,93.9,,,,,6.0,5.8,Original,0.20000000000000018,Acima da meta,5,4,Básico,Adequado
ELISABET TITTO VEREADORA EMEIEF,Fundamental I,2019,249.21,235.57,7.00306,0.948962,96.2,100.0,86.2,93.0,98.4,98.3,,,,,6.6,6.1,Original,0.5,Acima da meta,5,5,Adequado,Adequado
ELISABET TITTO VEREADORA EMEIEF,Fundamental I,2021,222.26,209.81,6.020383,1.0,100.0,100.0,100.0,100.0,100.0,100.0,,,,,6.0,6.3,Original,-0.2999999999999998,Abaixo da meta,4,4,Básico,Básico
ELISABET TITTO VEREADORA EMEIEF,Fundamental I,2023,239.58,224.75,6.622554,0.989366,99.0,100.0,100.0,100.0,100.0,94.9,,,,,6.6,6.3,Referência 2021,0.2999999999999998,Acima da meta,5,4,Básico,Adequado
ELISABET TITTO VEREADORA EMEIEF,Fundamental I,2025,225.56,222.41,,0.993945,99.4,100.0,100.0,100.0,98.4,98.6,,,,,6.3,6.3,Referência 2021,0.0,Atingiu a meta,5,4,Básico,Adequado
ELISABET TITTO VEREADORA EMEIEF,Fundamental II,2005,,,,,,,,,,,,,,,,,,,,,,,
ELISABET TITTO VEREADORA EMEIEF,Fundamental II,2007,,,,,,,,,,,,,,,,,Original,,,,,,
ELISABET TITTO VEREADORA EMEIEF,Fundamental II,2009,,,,,,,,,,,,,,,,,Original,,,,,,
ELISABET TITTO VEREADORA EMEIEF,Fundamental II,2011,,,,,,,,,,,,,,,,,Original,,,,,,
ELISABET TITTO VEREADORA EMEIEF,Fundamental II,2013,,,,,,,,,,,,,,,,,Original,,,,,,
ELISABET TITTO VEREADORA EMEIEF,Fundamental II,2015,,,,,,,,,,,,,,,,,Original,,,,,,
ELISABET TITTO VEREADORA EMEIEF,Fundamental II,2017,278.3,282.5,6.013333,0.918635,92.0,,,,,,84.4,93.2,91.2,100.0,5.5,,Original,,,4,4,Básico,Adequado
ELISABET TITTO VEREADORA EMEIEF,Fundamental II,2019,296.15,298.66,6.580167,0.969782,96.8,,,,,,91.7,96.7,100.0,100.0,6.4,5.7,Original,0.7000000000000002,Acima da meta,4,4,Básico,Adequado
ELISABET TITTO VEREADORA EMEIEF,Fundamental II,2021,265.62,271.94,5.626,1.0,100.0,,,,,,100.0,100.0,100.0,100.0,5.6,6.0,Original,-0.40000000000000036,Abaixo da meta,3,3,Básico,Básico
ELISABET TITTO VEREADORA EMEIEF,Fundamental II,2023,267.32,279.43,5.779167,0.962861,96.4,,,,,,91.8,93.9,100.0,100.0,5.6,6.0,Referência 2021,-0.40000000000000036,Abaixo da meta,3,4,Básico,Adequado
ELISABET TITTO VEREADORA EMEIEF,Fundamental II,2025,262.11,267.59,,0.945294,94.7,,,,,,96.9,89.6,92.3,100.0,5.2,6.0,Referência 2021,-0.7999999999999998,Abaixo da meta,3,3,Básico,Básico
ELIZABETH PARMINONDI ROMERO PROFA EMEF,Fundamental I,2005,,,,,,,,,,,,,,,,,,,,,,,
ELIZABETH PARMINONDI ROMERO PROFA EMEF,Fundamental I,2007,,,,,,,,,,,,,,,,,Original,,,,,,
ELIZABETH PARMINONDI ROMERO PROFA EMEF,Fundamental I,2009,,,,,,,,,,,,,,,,,Original,,,,,,
ELIZABETH PARMINONDI ROMERO PROFA EMEF,Fundamental I,2011,,,,,,,,,,,,,,,,,Original,,,,,,
ELIZABETH PARMINONDI ROMERO PROFA EMEF,Fundamental I,2013,245.56,232.0,6.868494,0.944793,94.3,96.8,94.9,93.9,94.4,92.5,,,,,6.5,,Original,,,5,5,Adequado,Adequado
ELIZABETH PARMINONDI ROMERO PROFA EMEF,Fundamental I,2015,248.52,241.62,7.099892,0.974362,97.4,98.0,96.7,97.8,96.7,98.0,,,,,6.9,6.7,Original,0.20000000000000018,Acima da meta,5,5,Adequado,Adequado
ELIZABETH PARMINONDI ROMERO PROFA EMEF,Fundamental I,2017,243.43,240.53,6.982936,0.952459,95.9,100.0,100.0,87.7,98.5,91.4,,,,,6.7,6.9,Original,-0.20000000000000018,Abaixo da meta,5,5,Básico,Adequado
ELIZABETH PARMINONDI ROMERO PROFA EMEF,Fundamental I,2019,259.56,245.54,7.381851,0.991668,99.1,100.0,100.0,98.8,97.1,100.0,,,,,7.3,7.1,Original,0.20000000000000018,Acima da meta,6,5,Adequado,Adequado
ELIZABETH PARMINONDI ROMERO PROFA EMEF,Fundamental I,2021,231.28,229.52,6.550884,1.0,100.0,100.0,100.0,100.0,100.0,100.0,,,,,6.6,7.3,Original,-0.7000000000000002,Abaixo da meta,5,5,Básico,Adequado
ELIZABETH PARMINONDI ROMERO PROFA EMEF,Fundamental I,2023,240.58,239.49,6.909638,0.988931,99.0,100.0,100.0,94.7,100.0,100.0,,,,,6.8,7.3,Referência 2021,-0.5,Abaixo da meta,5,5,Básico,Adequado
ELIZABETH PARMINONDI ROMERO PROFA EMEF,Fundamental I,2025,250.85,239.94,,0.978459,97.9,97.2,97.6,98.0,96.5,100.0,,,,,7.0,7.3,Referência 2021,-0.2999999999999998,Abaixo da meta,6,5,Adequado,Adequado
ELIZABETH PARMINONDI ROMERO PROFA EMEF,Fundamental II,2005,,,,,,,,,,,,,,,,,,,,,,,
ELIZABETH PARMINONDI ROMERO PROFA EMEF,Fundamental II,2007,,,,,,,,,,,,,,,,,Original,,,,,,
ELIZABETH PARMINONDI ROMERO PROFA EMEF,Fundamental II,2009,,,,,,,,,,,,,,,,,Original,,,,,,
ELIZABETH PARMINONDI ROMERO PROFA EMEF,Fundamental II,2011,,,,,,,,,,,,,,,,,Original,,,,,,
ELIZABETH PARMINONDI ROMERO PROFA EMEF,Fundamental II,2013,264.22,265.09,5.4885,0.946723,94.2,,,,,,94.3,91.3,97.1,96.2,5.2,,Original,,,3,3,Básico,Básico
ELIZABETH PARMINONDI ROMERO PROFA EMEF,Fundamental II,2015,288.4,288.48,6.281333,0.95664,95.8,,,,,,88.6,95.0,100.0,100.0,6.0,5.4,Original,0.5999999999999996,Acima da meta,4,4,Básico,Adequado
ELIZABETH PARMINONDI ROMERO PROFA EMEF,Fundamental II,2017,296.51,300.55,6.617667,0.957217,95.7,,,,,,95.4,95.5,96.7,95.3,6.3,5.7,Original,0.5999999999999996,Acima da meta,4,5,Básico,Adequado
ELIZABETH PARMINONDI ROMERO PROFA EMEF,Fundamental II,2019,290.05,290.42,6.341167,0.984369,98.5,,,,,,100.0,95.3,98.6,100.0,6.2,5.9,Original,0.2999999999999998,Acima da meta,4,4,Básico,Adequado
ELIZABETH PARMINONDI ROMERO PROFA EMEF,Fundamental II,2021,,,,1.0,100.0,,,,,,100.0,100.0,100.0,100.0,,6.1,Original,,,,,,
ELIZABETH PARMINONDI ROMERO PROFA EMEF,Fundamental II,2023,280.49,272.28,5.8795,0.995695,99.6,,,,,,100.0,100.0,100.0,98.3,5.9,6.1,Referência 2021,-0.1999999999999993,Abaixo da meta,4,3,Básico,Básico
ELIZABETH PARMINONDI ROMERO PROFA EMEF,Fundamental II,2025,278.29,284.46,,0.988202,98.8,,,,,,98.2,98.6,100.0,98.5,6.0,6.1,Referência 2021,-0.09999999999999964,Abaixo da meta,4,4,Básico,Adequado
EMEF PROFA ELVIRA LEFEVRE SALLES NEMER,Fundamental I,2005,189.35,191.25,5.055045,0.912428,92.2,,89.4,95.1,85.0,96.4,,,,,4.6,,,,,3,3,Abaixo do básico,Básico
EMEF PROFA ELVIRA LEFEVRE SALLES NEMER,Fundamental I,2007,207.0,198.53,5.524071,0.949944,95.6,100.0,92.5,95.7,90.9,96.4,,,,,5.2,4.7,Original,0.5,Acima da meta,4,3,Básico,Básico
EMEF PROFA ELVIRA LEFEVRE SALLES NEMER,Fundamental I,2009,218.11,200.1,5.764639,0.94746,95.1,100.0,94.3,96.0,89.8,94.2,,,,,5.5,5.0,Original,0.5,Acima da meta,4,4,Básico,Básico
EMEF PROFA ELVIRA LEFEVRE SALLES NEMER,Fundamental I,2011,234.95,223.43,6.510195,0.981814,98.0,100.0,96.3,98.4,97.1,99.2,,,,,6.4,5.4,Original,1.0,Acima da meta,5,4,Básico,Adequado
EMEF PROFA ELVIRA LEFEVRE SALLES NEMER,Fundamental I,2013,235.78,216.69,6.403489,0.952753,95.2,98.3,94.9,94.7,93.8,94.8,,,,,6.1,5.7,Original,0.39999999999999947,Acima da meta,5,4,Básico,Básico
EMEF PROFA ELVIRA LEFEVRE SALLES NEMER,Fundamental I,2015,230.33,223.2,6.417845,0.996986,99.6,100.0,100.0,99.2,100.0,99.3,,,,,6.4,5.9,Original,0.5,Acima da meta,5,4,Básico,Adequado
EMEF PROFA ELVIRA LEFEVRE SALLES NEMER,Fundamental I,2017,239.56,232.55,6.76399,0.970467,97.0,97.6,100.0,94.5,96.2,97.1,,,,,6.6,6.2,Original,0.39999999999999947,Acima da meta,5,5,Básico,Adequado
EMEF PROFA ELVIRA LEFEVRE SALLES NEMER,Fundamental I,2019,260.15,240.72,7.305475,0.972234,97.2,100.0,95.9,94.1,96.4,100.0,,,,,7.1,6.4,Original,0.6999999999999993,Acima da meta,6,5,Adequado,Adequado
EMEF PROFA ELVIRA LEFEVRE SALLES NEMER,Fundamental I,2021,244.59,232.01,6.850164,1.0,100.0,100.0,100.0,100.0,100.0,100.0,,,,,6.9,6.6,Original,0.3000000000000007,Acima da meta,5,5,Adequado,Adequado
EMEF PROFA ELVIRA LEFEVRE SALLES NEMER,Fundamental I,2023,239.46,228.1,6.681173,0.987446,98.6,100.0,100.0,96.9,99.1,97.8,,,,,6.6,6.6,Referência 2021,0.0,Atingiu a meta,5,5,Básico,Adequado
EMEF PROFA ELVIRA LEFEVRE SALLES NEMER,Fundamental I,2025,238.35,217.86,,0.979857,98.0,100.0,97.2,96.5,98.4,97.9,,,,,6.3,6.6,Referência 2021,-0.2999999999999998,Abaixo da meta,5,4,Básico,Básico
EMEF PROFA ELVIRA LEFEVRE SALLES NEMER,Fundamental II,2005,,,,,,,,,,,,,,,,,,,,,,,
EMEF PROFA ELVIRA LEFEVRE SALLES NEMER,Fundamental II,2007,,,,,,,,,,,,,,,,,Original,,,,,,
EMEF PROFA ELVIRA LEFEVRE SALLES NEMER,Fundamental II,2009,254.37,254.51,5.148,0.882984,88.4,,,,,,83.1,83.7,91.9,95.8,4.5,,Original,,,3,3,Básico,Básico
EMEF PROFA ELVIRA LEFEVRE SALLES NEMER,Fundamental II,2011,258.58,254.37,5.215833,0.88924,89.0,,,,,,92.9,85.6,83.5,94.7,4.6,4.7,Original,-0.10000000000000053,Abaixo da meta,3,3,Básico,Básico
EMEF PROFA ELVIRA LEFEVRE SALLES NEMER,Fundamental II,2013,259.56,257.86,5.290333,0.927781,92.8,,,,,,90.8,90.8,92.6,97.2,4.9,5.0,Original,-0.09999999999999964,Abaixo da meta,3,3,Básico,Básico
EMEF PROFA ELVIRA LEFEVRE SALLES NEMER,Fundamental II,2015,276.72,283.39,6.001833,0.941593,94.2,,,,,,92.4,90.8,95.3,98.5,5.7,5.3,Original,0.40000000000000036,Acima da meta,4,4,Básico,Adequado
EMEF PROFA ELVIRA LEFEVRE SALLES NEMER,Fundamental II,2017,284.2,285.01,6.1535,0.945814,94.6,,,,,,94.8,93.3,91.8,98.7,5.8,5.5,Original,0.2999999999999998,Acima da meta,4,4,Básico,Adequado
EMEF PROFA ELVIRA LEFEVRE SALLES NEMER,Fundamental II,2019,291.8,280.21,6.200167,0.962455,96.4,,,,,,95.3,97.5,92.5,100.0,6.0,5.8,Original,0.20000000000000018,Acima da meta,4,4,Básico,Adequado
EMEF PROFA ELVIRA LEFEVRE SALLES NEMER,Fundamental II,2021,279.68,275.68,5.922667,1.0,100.0,,,,,,100.0,100.0,100.0,100.0,5.9,6.0,Original,-0.09999999999999964,Abaixo da meta,4,4,Básico,Adequado
EMEF PROFA ELVIRA LEFEVRE SALLES NEMER,Fundamental II,2023,284.57,290.04,6.2435,0.988725,98.9,,,,,,98.6,98.2,99.3,99.4,6.2,6.0,Referência 2021,0.20000000000000018,Acima da meta,4,4,Básico,Adequado
EMEF PROFA ELVIRA LEFEVRE SALLES NEMER,Fundamental II,2025,281.42,282.05,,0.983424,98.3,,,,,,98.6,98.2,97.1,99.5,6.0,6.0,Referência 2021,0.0,Atingiu a meta,4,4,Básico,Adequado
ENEIAS RAIMUNDO DA SILVA PROF EMEIEF,Fundamental I,2005,,,,,,,,,,,,,,,,,,,,,,,
ENEIAS RAIMUNDO DA SILVA PROF EMEIEF,Fundamental I,2007,,,,,,,,,,,,,,,,,Original,,,,,,
ENEIAS RAIMUNDO DA SILVA PROF EMEIEF,Fundamental I,2009,,,,,,,,,,,,,,,,,Original,,,,,,
ENEIAS RAIMUNDO DA SILVA PROF EMEIEF,Fundamental I,2011,,,,,,,,,,,,,,,,,Original,,,,,,
ENEIAS RAIMUNDO DA SILVA PROF EMEIEF,Fundamental I,2013,208.08,201.72,5.602681,0.944052,94.4,100.0,93.1,96.3,92.8,90.4,,,,,5.3,,Original,,,4,4,Básico,Básico
ENEIAS RAIMUNDO DA SILVA PROF EMEIEF,Fundamental I,2015,221.41,221.03,6.208162,0.945376,94.9,100.0,100.0,89.4,88.6,96.0,,,,,5.9,5.5,Original,0.40000000000000036,Acima da meta,4,4,Básico,Adequado
ENEIAS RAIMUNDO DA SILVA PROF EMEIEF,Fundamental I,2017,218.2,218.86,6.107448,0.954906,95.2,98.6,98.4,92.6,95.3,92.9,,,,,5.8,5.8,Original,0.0,Atingiu a meta,4,4,Básico,Básico
ENEIAS RAIMUNDO DA SILVA PROF EMEIEF,Fundamental I,2019,254.72,232.12,7.045485,0.992913,99.2,100.0,100.0,98.8,97.7,100.0,,,,,7.0,6.1,Original,0.9000000000000004,Acima da meta,6,5,Adequado,Adequado
ENEIAS RAIMUNDO DA SILVA PROF EMEIEF,Fundamental I,2021,224.45,218.11,6.213086,1.0,100.0,100.0,100.0,100.0,100.0,100.0,,,,,6.2,6.3,Original,-0.09999999999999964,Abaixo da meta,4,4,Básico,Básico
ENEIAS RAIMUNDO DA SILVA PROF EMEIEF,Fundamental I,2023,241.77,237.86,6.902711,0.99778,99.8,100.0,100.0,100.0,98.9,100.0,,,,,6.9,6.3,Referência 2021,0.6000000000000005,Acima da meta,5,5,Básico,Adequado
ENEIAS RAIMUNDO DA SILVA PROF EMEIEF,Fundamental I,2025,239.46,218.15,,0.995368,99.6,100.0,100.0,98.8,100.0,98.9,,,,,6.5,6.3,Referência 2021,0.20000000000000018,Acima da meta,5,4,Básico,Básico
ENEIAS RAIMUNDO DA SILVA PROF EMEIEF,Fundamental II,2005,,,,,,,,,,,,,,,,,,,,,,,
ENEIAS RAIMUNDO DA SILVA PROF EMEIEF,Fundamental II,2007,,,,,,,,,,,,,,,,,Original,,,,,,
ENEIAS RAIMUNDO DA SILVA PROF EMEIEF,Fundamental II,2009,,,,,,,,,,,,,,,,,Original,,,,,,
ENEIAS RAIMUNDO DA SILVA PROF EMEIEF,Fundamental II,2011,,,,,,,,,,,,,,,,,Original,,,,,,
ENEIAS RAIMUNDO DA SILVA PROF EMEIEF,Fundamental II,2013,250.42,249.75,5.002833,0.816011,82.1,,,,,,80.7,85.9,75.4,85.3,4.1,,Original,,,3,2,Básico,Básico
ENEIAS RAIMUNDO DA SILVA PROF EMEIEF,Fundamental II,2015,252.61,256.81,5.157,0.838464,84.2,,,,,,85.7,82.1,81.5,86.3,4.3,4.3,Original,0.0,Atingiu a meta,3,3,Básico,Básico
ENEIAS RAIMUNDO DA SILVA PROF EMEIEF,Fundamental II,2017,258.37,251.08,5.1575,0.957476,95.7,,,,,,92.9,94.4,97.5,98.4,4.9,4.6,Original,0.3000000000000007,Acima da meta,3,3,Básico,Básico
ENEIAS RAIMUNDO DA SILVA PROF EMEIEF,Fundamental II,2019,277.23,257.42,5.5775,0.988249,98.8,,,,,,99.0,98.7,98.8,98.8,5.5,4.8,Original,0.7000000000000002,Acima da meta,4,3,Básico,Básico
ENEIAS RAIMUNDO DA SILVA PROF EMEIEF,Fundamental II,2021,260.14,264.26,5.406667,1.0,100.0,,,,,,100.0,100.0,100.0,100.0,5.4,5.1,Original,0.3000000000000007,Acima da meta,3,3,Básico,Básico
ENEIAS RAIMUNDO DA SILVA PROF EMEIEF,Fundamental II,2023,264.7,255.34,5.334,0.994666,99.4,,,,,,100.0,100.0,97.9,100.0,5.3,5.1,Referência 2021,0.20000000000000018,Acima da meta,3,3,Básico,Básico
ENEIAS RAIMUNDO DA SILVA PROF EMEIEF,Fundamental II,2025,256.04,263.21,,0.985921,98.5,,,,,,98.0,97.7,98.7,100.0,5.2,5.1,Referência 2021,0.10000000000000053,Acima da meta,3,3,Básico,Básico
ESCOLA MUNICIPAL MATERNAL WANDEIR RIBEIRO,Fundamental I,2005,169.43,170.37,4.295006,0.913731,91.9,,95.7,82.1,93.1,96.1,,,,,3.9,,,,,2,2,Abaixo do básico,Abaixo do básico
ESCOLA MUNICIPAL MATERNAL WANDEIR RIBEIRO,Fundamental I,2007,,,,,,,,,,,,,,,,4.0,Original,,,,,,
ESCOLA MUNICIPAL MATERNAL WANDEIR RIBEIRO,Fundamental I,2009,207.28,187.55,5.329778,0.900025,90.9,95.6,91.1,90.9,80.0,94.2,,,,,4.8,4.3,Original,0.5,Acima da meta,4,3,Básico,Básico
ESCOLA MUNICIPAL MATERNAL WANDEIR RIBEIRO,Fundamental I,2011,234.25,209.01,6.234654,0.952722,95.3,100.0,91.5,94.5,93.8,97.0,,,,,5.9,4.7,Original,1.2000000000000002,Acima da meta,5,4,Básico,Básico
ESCOLA MUNICIPAL MATERNAL WANDEIR RIBEIRO,Fundamental I,2013,210.44,196.79,5.558083,0.950718,94.8,100.0,90.6,92.0,95.7,97.7,,,,,5.3,5.0,Original,0.2999999999999998,Acima da meta,4,3,Básico,Básico
ESCOLA MUNICIPAL MATERNAL WANDEIR RIBEIRO,Fundamental I,2015,227.45,215.56,6.223974,0.952712,95.4,100.0,100.0,87.0,94.6,96.0,,,,,5.9,5.3,Original,0.6000000000000005,Acima da meta,5,4,Básico,Básico
ESCOLA MUNICIPAL MATERNAL WANDEIR RIBEIRO,Fundamental I,2017,231.58,218.79,6.361518,0.949581,95.1,100.0,100.0,95.0,91.7,89.1,,,,,6.0,5.6,Original,0.40000000000000036,Acima da meta,5,4,Básico,Básico
ESCOLA MUNICIPAL MATERNAL WANDEIR RIBEIRO,Fundamental I,2019,,,,,,,,,,,,,,,,5.8,Original,,,,,,
ESCOLA MUNICIPAL MATERNAL WANDEIR RIBEIRO,Fundamental I,2021,,,,,,,,,,,,,,,,6.1,Original,,,,,,
ESCOLA MUNICIPAL MATERNAL WANDEIR RIBEIRO,Fundamental I,2023,,,,,,,,,,,,,,,,6.1,Referência 2021,,,,,,
ESCOLA MUNICIPAL MATERNAL WANDEIR RIBEIRO,Fundamental I,2025,,,,,,,,,,,,,,,,6.1,Referência 2021,,,,,,
ESTEVAN PLACENCIO EMEF,Fundamental I,2005,192.28,188.5,5.060742,0.875098,88.5,,93.6,92.0,77.1,89.4,,,,,4.4,,,,,3,3,Abaixo do básico,Básico
ESTEVAN PLACENCIO EMEF,Fundamental I,2007,215.43,191.7,5.560767,0.916277,92.0,100.0,87.6,90.3,91.8,89.4,,,,,5.1,4.5,Original,0.5999999999999996,Acima da meta,4,3,Básico,Básico
ESTEVAN PLACENCIO EMEF,Fundamental I,2009,235.49,207.24,6.226137,0.941318,94.3,100.0,89.5,97.7,90.8,93.5,,,,,5.9,4.8,Original,1.1000000000000005,Acima da meta,5,4,Básico,Básico
ESTEVAN PLACENCIO EMEF,Fundamental I,2011,228.79,215.82,6.254274,0.951411,95.0,100.0,91.7,95.9,94.8,93.7,,,,,6.0,5.2,Original,0.7999999999999998,Acima da meta,5,4,Básico,Básico
ESTEVAN PLACENCIO EMEF,Fundamental I,2013,226.17,203.53,5.98082,0.981567,98.2,98.9,96.1,99.2,100.0,96.7,,,,,5.9,5.5,Original,0.40000000000000036,Acima da meta,5,4,Básico,Básico
ESTEVAN PLACENCIO EMEF,Fundamental I,2015,245.66,233.63,6.900039,0.973773,97.3,100.0,100.0,97.9,95.5,93.8,,,,,6.7,5.8,Original,0.9000000000000004,Acima da meta,5,5,Adequado,Adequado
ESTEVAN PLACENCIO EMEF,Fundamental I,2017,229.02,222.21,6.374845,0.961708,96.1,100.0,100.0,93.6,95.7,92.1,,,,,6.1,6.0,Original,0.09999999999999964,Acima da meta,5,4,Básico,Adequado
ESTEVAN PLACENCIO EMEF,Fundamental I,2019,222.78,210.0,6.033761,0.993974,99.4,100.0,98.8,100.0,99.0,99.2,,,,,6.0,6.3,Original,-0.2999999999999998,Abaixo da meta,4,4,Básico,Básico
ESTEVAN PLACENCIO EMEF,Fundamental I,2021,233.88,223.92,6.498684,1.0,100.0,100.0,100.0,100.0,100.0,100.0,,,,,6.5,6.5,Original,0.0,Atingiu a meta,5,4,Básico,Adequado
ESTEVAN PLACENCIO EMEF,Fundamental I,2023,244.55,225.71,6.734856,0.981437,98.3,100.0,100.0,100.0,96.7,94.3,,,,,6.6,6.5,Referência 2021,0.09999999999999964,Acima da meta,5,5,Adequado,Adequado
ESTEVAN PLACENCIO EMEF,Fundamental I,2025,237.13,227.17,,0.988376,98.8,99.2,98.3,99.3,99.2,98.2,,,,,6.5,6.5,Referência 2021,0.0,Atingiu a meta,5,5,Básico,Adequado
ESTEVAN PLACENCIO EMEF,Fundamental II,2005,255.08,235.11,4.836577,0.911904,91.1,,,,,,89.8,92.0,90.9,92.1,4.4,,,,,3,2,Básico,Básico
ESTEVAN PLACENCIO EMEF,Fundamental II,2007,264.14,243.0,5.119,0.901153,90.1,,,,,,86.8,91.7,83.6,100.0,4.6,4.4,Original,0.1999999999999993,Acima da meta,3,2,Básico,Básico
ESTEVAN PLACENCIO EMEF,Fundamental II,2009,252.42,255.91,5.138833,0.843094,84.4,,,,,,83.2,82.2,84.9,87.1,4.3,4.6,Original,-0.2999999999999998,Abaixo da meta,3,3,Básico,Básico
ESTEVAN PLACENCIO EMEF,Fundamental II,2011,277.53,260.28,5.630167,0.93509,93.2,,,,,,93.6,89.6,95.0,96.1,5.3,4.9,Original,0.39999999999999947,Acima da meta,4,3,Básico,Básico
ESTEVAN PLACENCIO EMEF,Fundamental II,2013,276.36,266.87,5.7205,0.887025,90.3,,,,,,91.0,83.7,83.8,97.8,5.1,5.2,Original,-0.10000000000000053,Abaixo da meta,4,3,Básico,Básico
ESTEVAN PLACENCIO EMEF,Fundamental II,2015,272.59,274.26,5.780833,0.949233,94.8,,,,,,93.7,92.1,96.3,97.8,5.5,5.6,Original,-0.09999999999999964,Abaixo da meta,3,3,Básico,Adequado
ESTEVAN PLACENCIO EMEF,Fundamental II,2017,272.76,264.43,5.619833,0.940253,93.9,,,,,,93.3,90.9,92.4,100.0,5.3,5.8,Original,-0.5,Abaixo da meta,3,3,Básico,Básico
ESTEVAN PLACENCIO EMEF,Fundamental II,2019,286.36,282.38,6.145667,0.987426,98.8,,,,,,98.3,97.7,99.0,100.0,6.1,6.1,Original,0.0,Atingiu a meta,4,4,Básico,Adequado
ESTEVAN PLACENCIO EMEF,Fundamental II,2021,,,,1.0,100.0,,,,,,100.0,100.0,100.0,100.0,,6.3,Original,,,,,,
ESTEVAN PLACENCIO EMEF,Fundamental II,2023,256.65,268.47,5.418667,0.984652,98.6,,,,,,98.5,95.5,100.0,100.0,5.3,6.3,Referência 2021,-1.0,Abaixo da meta,3,3,Básico,Básico
ESTEVAN PLACENCIO EMEF,Fundamental II,2025,257.02,261.8,,0.992467,99.3,,,,,,100.0,98.4,99.3,99.3,5.3,6.3,Referência 2021,-1.0,Abaixo da meta,3,3,Básico,Básico
EZIO BERZAGHI PROFESSOR EMEF,Fundamental I,2005,,,,,,,,,,,,,,,,,,,,,,,
EZIO BERZAGHI PROFESSOR EMEF,Fundamental I,2007,,,,,,,,,,,,,,,,,Original,,,,,,
EZIO BERZAGHI PROFESSOR EMEF,Fundamental I,2009,,,,,,,,,,,,,,,,,Original,,,,,,
EZIO BERZAGHI PROFESSOR EMEF,Fundamental I,2011,,,,,,,,,,,,,,,,,Original,,,,,,
EZIO BERZAGHI PROFESSOR EMEF,Fundamental I,2013,,,,,,,,,,,,,,,,,Original,,,,,,
EZIO BERZAGHI PROFESSOR EMEF,Fundamental I,2015,,,,,,,,,,,,,,,,,Original,,,,,,
EZIO BERZAGHI PROFESSOR EMEF,Fundamental I,2017,,,,,,,,,,,,,,,,,Original,,,,,,
EZIO BERZAGHI PROFESSOR EMEF,Fundamental I,2019,252.25,228.38,6.930348,0.956954,95.8,100.0,95.1,89.3,96.5,98.3,,,,,6.6,,Original,,,6,5,Adequado,Adequado
EZIO BERZAGHI PROFESSOR EMEF,Fundamental I,2021,223.44,226.5,6.346357,1.0,100.0,100.0,100.0,100.0,100.0,100.0,,,,,6.3,6.8,Original,-0.5,Abaixo da meta,4,5,Básico,Adequado
EZIO BERZAGHI PROFESSOR EMEF,Fundamental I,2023,228.81,228.79,6.490474,0.972096,97.1,100.0,98.3,96.9,95.5,95.5,,,,,6.3,6.8,Referência 2021,-0.5,Abaixo da meta,5,5,Básico,Adequado
EZIO BERZAGHI PROFESSOR EMEF,Fundamental I,2025,,,,0.97803,97.8,100.0,95.9,97.7,100.0,95.6,,,,,,6.8,Referência 2021,,,,,,
EZIO BERZAGHI PROFESSOR EMEF,Fundamental II,2005,,,,,,,,,,,,,,,,,,,,,,,
EZIO BERZAGHI PROFESSOR EMEF,Fundamental II,2007,,,,,,,,,,,,,,,,,Original,,,,,,
EZIO BERZAGHI PROFESSOR EMEF,Fundamental II,2009,,,,,,,,,,,,,,,,,Original,,,,,,
EZIO BERZAGHI PROFESSOR EMEF,Fundamental II,2011,261.5,261.44,5.382333,0.919572,92.1,,,,,,90.4,88.9,93.6,95.2,4.9,,Original,,,3,3,Básico,Básico
EZIO BERZAGHI PROFESSOR EMEF,Fundamental II,2013,272.79,253.22,5.4335,0.911631,91.8,,,,,,90.8,93.4,84.1,97.4,5.0,5.2,Original,-0.20000000000000018,Abaixo da meta,3,3,Básico,Básico
EZIO BERZAGHI PROFESSOR EMEF,Fundamental II,2015,275.28,265.32,5.676667,0.91399,92.7,,,,,,84.1,88.3,94.8,100.0,5.2,5.4,Original,-0.20000000000000018,Abaixo da meta,4,3,Básico,Básico
EZIO BERZAGHI PROFESSOR EMEF,Fundamental II,2017,285.65,274.8,6.0075,0.966743,96.5,,,,,,94.0,95.6,97.3,100.0,5.8,5.7,Original,0.09999999999999964,Acima da meta,4,3,Básico,Adequado
EZIO BERZAGHI PROFESSOR EMEF,Fundamental II,2019,288.54,285.51,6.234167,0.993453,99.2,,,,,,99.0,100.0,98.4,100.0,6.2,5.9,Original,0.2999999999999998,Acima da meta,4,4,Básico,Adequado
EZIO BERZAGHI PROFESSOR EMEF,Fundamental II,2021,279.8,272.97,5.8795,1.0,100.0,,,,,,100.0,100.0,100.0,100.0,5.9,6.1,Original,-0.1999999999999993,Abaixo da meta,4,3,Básico,Básico
EZIO BERZAGHI PROFESSOR EMEF,Fundamental II,2023,274.97,274.14,5.8185,0.984867,98.5,,,,,,98.8,98.4,96.8,100.0,5.7,6.1,Referência 2021,-0.39999999999999947,Abaixo da meta,3,3,Básico,Adequado
EZIO BERZAGHI PROFESSOR EMEF,Fundamental II,2025,,,,0.927364,92.5,,,,,,89.5,91.4,92.2,98.3,,6.1,Referência 2021,,,,,,
FIORAVANTE BARLETTA EMEF,Fundamental I,2005,191.55,186.43,5.009328,0.918755,91.8,,94.2,89.6,93.9,90.0,,,,,4.6,,,,,3,3,Abaixo do básico,Básico
FIORAVANTE BARLETTA EMEF,Fundamental I,2007,214.11,196.62,5.625031,0.945073,94.8,100.0,87.7,94.2,95.8,95.7,,,,,5.3,4.7,Original,0.5999999999999996,Acima da meta,4,3,Básico,Básico
FIORAVANTE BARLETTA EMEF,Fundamental I,2009,214.17,195.04,5.597448,0.950383,95.0,100.0,89.3,94.3,94.4,97.9,,,,,5.3,5.0,Original,0.2999999999999998,Acima da meta,4,3,Básico,Básico
FIORAVANTE BARLETTA EMEF,Fundamental I,2011,227.86,209.29,6.117799,0.952849,95.0,100.0,91.6,94.6,95.2,95.4,,,,,5.8,5.4,Original,0.39999999999999947,Acima da meta,5,4,Básico,Básico
FIORAVANTE BARLETTA EMEF,Fundamental I,2013,232.06,216.45,6.328133,0.96057,96.1,100.0,92.6,93.6,98.6,95.9,,,,,6.1,5.6,Original,0.5,Acima da meta,5,4,Básico,Básico
FIORAVANTE BARLETTA EMEF,Fundamental I,2015,227.57,216.67,6.246446,0.976433,97.4,100.0,100.0,95.9,96.4,96.1,,,,,6.1,5.9,Original,0.1999999999999993,Acima da meta,5,4,Básico,Básico
FIORAVANTE BARLETTA EMEF,Fundamental I,2017,230.74,225.59,6.469124,0.985231,98.6,100.0,98.5,96.2,99.3,98.7,,,,,6.4,6.2,Original,0.20000000000000018,Acima da meta,5,5,Básico,Adequado
FIORAVANTE BARLETTA EMEF,Fundamental I,2019,242.83,225.15,6.691849,0.965873,96.7,100.0,96.4,92.0,97.1,97.8,,,,,6.5,6.4,Original,0.09999999999999964,Acima da meta,5,5,Básico,Adequado
FIORAVANTE BARLETTA EMEF,Fundamental I,2021,227.73,219.9,6.308227,1.0,100.0,100.0,100.0,100.0,100.0,100.0,,,,,6.3,6.6,Original,-0.2999999999999998,Abaixo da meta,5,4,Básico,Adequado
FIORAVANTE BARLETTA EMEF,Fundamental I,2023,225.3,213.67,6.14858,0.980367,98.1,100.0,99.4,98.5,94.2,98.3,,,,,6.0,6.6,Referência 2021,-0.5999999999999996,Abaixo da meta,5,4,Básico,Básico
FIORAVANTE BARLETTA EMEF,Fundamental I,2025,234.77,226.39,,0.99133,99.2,100.0,98.5,100.0,99.3,97.9,,,,,6.5,6.6,Referência 2021,-0.09999999999999964,Abaixo da meta,5,5,Básico,Adequado
FIORAVANTE BARLETTA EMEF,Fundamental II,2005,,,,,,,,,,,,,,,,,,,,,,,
FIORAVANTE BARLETTA EMEF,Fundamental II,2007,,,,,,,,,,,,,,,,,Original,,,,,,
FIORAVANTE BARLETTA EMEF,Fundamental II,2009,,,,,,,,,,,,,,,,,Original,,,,,,
FIORAVANTE BARLETTA EMEF,Fundamental II,2011,250.57,248.46,4.983833,0.898363,90.5,,,,,,92.2,84.3,87.8,95.9,4.5,,Original,,,3,2,Básico,Básico
FIORAVANTE BARLETTA EMEF,Fundamental II,2013,250.2,249.95,5.0025,0.899244,89.0,,,,,,86.0,90.3,87.1,97.1,4.5,4.7,Original,-0.20000000000000018,Abaixo da meta,3,2,Básico,Básico
FIORAVANTE BARLETTA EMEF,Fundamental II,2015,266.67,259.09,5.429333,0.863234,85.3,,,,,,81.4,79.2,92.6,94.1,4.7,5.0,Original,-0.2999999999999998,Abaixo da meta,3,3,Básico,Básico
FIORAVANTE BARLETTA EMEF,Fundamental II,2017,272.71,281.39,5.901667,0.970319,97.0,,,,,,96.6,100.0,93.2,98.6,5.7,5.2,Original,0.5,Acima da meta,3,4,Básico,Adequado
FIORAVANTE BARLETTA EMEF,Fundamental II,2019,274.56,268.71,5.721167,0.972081,97.2,,,,,,98.3,98.3,93.8,98.6,5.6,5.5,Original,0.09999999999999964,Acima da meta,3,3,Básico,Básico
FIORAVANTE BARLETTA EMEF,Fundamental II,2021,,,,1.0,100.0,,,,,,100.0,100.0,100.0,100.0,,5.7,Original,,,,,,
FIORAVANTE BARLETTA EMEF,Fundamental II,2023,254.88,270.22,5.418333,0.986704,98.7,,,,,,99.4,98.0,98.0,99.3,5.3,5.7,Referência 2021,-0.40000000000000036,Abaixo da meta,3,3,Básico,Básico
FIORAVANTE BARLETTA EMEF,Fundamental II,2025,,,,0.949658,94.9,,,,,,92.9,95.2,94.1,97.8,,5.7,Referência 2021,,,,,,
FRANCISCO ZACARIOTO EMEIEF,Fundamental I,2005,186.81,191.87,5.017529,0.924475,92.6,,89.1,89.3,96.9,95.0,,,,,4.6,,,,,3,3,Abaixo do básico,Básico
FRANCISCO ZACARIOTO EMEIEF,Fundamental I,2007,209.84,197.37,5.557178,0.969354,96.7,100.0,98.9,92.0,98.2,96.0,,,,,5.4,4.7,Original,0.7000000000000002,Acima da meta,4,3,Básico,Básico
FRANCISCO ZACARIOTO EMEIEF,Fundamental I,2009,,,,0.97095,97.2,100.0,95.9,96.9,95.7,,,,,,,5.0,Original,,,,,,
FRANCISCO ZACARIOTO EMEIEF,Fundamental I,2011,227.09,213.0,6.170559,0.965636,96.6,100.0,96.1,91.4,96.6,99.2,,,,,6.0,5.4,Original,0.5999999999999996,Acima da meta,5,4,Básico,Básico
FRANCISCO ZACARIOTO EMEIEF,Fundamental I,2013,230.41,219.93,6.359917,0.941414,94.6,100.0,89.9,91.5,97.8,92.3,,,,,6.0,5.7,Original,0.2999999999999998,Acima da meta,5,4,Básico,Adequado
FRANCISCO ZACARIOTO EMEIEF,Fundamental I,2015,235.45,230.06,6.640282,0.986586,98.6,100.0,98.8,95.9,99.4,99.3,,,,,6.6,5.9,Original,0.6999999999999993,Acima da meta,5,5,Básico,Adequado
FRANCISCO ZACARIOTO EMEIEF,Fundamental I,2017,237.16,226.33,6.605098,0.980152,98.1,100.0,100.0,93.3,98.8,98.3,,,,,6.5,6.2,Original,0.2999999999999998,Acima da meta,5,5,Básico,Adequado
FRANCISCO ZACARIOTO EMEIEF,Fundamental I,2019,249.32,234.12,6.978795,0.982421,98.3,100.0,97.1,96.5,98.3,99.4,,,,,6.9,6.4,Original,0.5,Acima da meta,5,5,Adequado,Adequado
FRANCISCO ZACARIOTO EMEIEF,Fundamental I,2021,237.85,234.59,6.768448,1.0,100.0,100.0,100.0,100.0,100.0,100.0,,,,,6.8,6.7,Original,0.09999999999999964,Acima da meta,5,5,Básico,Adequado
FRANCISCO ZACARIOTO EMEIEF,Fundamental I,2023,242.05,236.75,6.887873,0.990447,99.0,100.0,99.3,96.7,100.0,99.3,,,,,6.8,6.7,Referência 2021,0.09999999999999964,Acima da meta,5,5,Básico,Adequado
FRANCISCO ZACARIOTO EMEIEF,Fundamental I,2025,233.86,225.05,,0.98843,98.9,100.0,100.0,96.6,98.3,99.4,,,,,6.4,6.7,Referência 2021,-0.2999999999999998,Abaixo da meta,5,5,Básico,Adequado
FRANCISCO ZACARIOTO EMEIEF,Fundamental II,2005,285.8,257.99,5.729773,0.898505,89.7,,,,,,89.3,89.9,88.1,92.2,5.1,,,,,4,3,Básico,Básico
FRANCISCO ZACARIOTO EMEIEF,Fundamental II,2007,268.54,259.45,5.4665,0.94168,93.8,,,,,,86.3,94.8,96.7,100.0,5.1,5.2,Original,-0.10000000000000053,Abaixo da meta,3,3,Básico,Básico
FRANCISCO ZACARIOTO EMEIEF,Fundamental II,2009,,,,0.879111,88.1,,,,,,,86.1,89.8,,,5.3,Original,,,,,,
FRANCISCO ZACARIOTO EMEIEF,Fundamental II,2011,,,,,,,,,,,,,,,,5.6,Original,,,,,,
FRANCISCO ZACARIOTO EMEIEF,Fundamental II,2013,,,,,,,,,,,,,,,,5.9,Original,,,,,,
FRANCISCO ZACARIOTO EMEIEF,Fundamental II,2015,,,,,,,,,,,,,,,,6.2,Original,,,,,,
FRANCISCO ZACARIOTO EMEIEF,Fundamental II,2017,,,,,,,,,,,,,,,,6.4,Original,,,,,,
FRANCISCO ZACARIOTO EMEIEF,Fundamental II,2019,,,,,,,,,,,,,,,,6.6,Original,,,,,,
FRANCISCO ZACARIOTO EMEIEF,Fundamental II,2021,,,,,,,,,,,,,,,,6.8,Original,,,,,,
FRANCISCO ZACARIOTO EMEIEF,Fundamental II,2023,,,,,,,,,,,,,,,,6.8,Referência 2021,,,,,,
FRANCISCO ZACARIOTO EMEIEF,Fundamental II,2025,,,,,,,,,,,,,,,,6.8,Referência 2021,,,,,,
GILBERTO FLORENCIO PROF EMEF,Fundamental I,2005,,,,,,,,,,,,,,,,,,,,,,,
GILBERTO FLORENCIO PROF EMEF,Fundamental I,2007,,,,,,,,,,,,,,,,,Original,,,,,,
GILBERTO FLORENCIO PROF EMEF,Fundamental I,2009,,,,,,,,,,,,,,,,,Original,,,,,,
GILBERTO FLORENCIO PROF EMEF,Fundamental I,2011,234.48,227.77,6.580135,0.964836,96.3,100.0,94.5,96.1,95.3,96.7,,,,,6.3,,Original,,,5,5,Básico,Adequado
GILBERTO FLORENCIO PROF EMEF,Fundamental I,2013,236.22,224.73,6.558068,0.940049,94.0,100.0,92.9,89.9,90.2,97.9,,,,,6.2,6.6,Original,-0.39999999999999947,Abaixo da meta,5,4,Básico,Adequado
GILBERTO FLORENCIO PROF EMEF,Fundamental I,2015,235.74,230.18,6.647999,0.997373,99.7,100.0,100.0,100.0,100.0,98.7,,,,,6.6,6.8,Original,-0.20000000000000018,Abaixo da meta,5,5,Básico,Adequado
GILBERTO FLORENCIO PROF EMEF,Fundamental I,2017,240.64,232.05,6.77551,0.973124,97.2,100.0,100.0,92.5,98.7,95.8,,,,,6.6,7.0,Original,-0.40000000000000036,Abaixo da meta,5,5,Básico,Adequado
GILBERTO FLORENCIO PROF EMEF,Fundamental I,2019,250.75,231.44,6.957358,0.957553,95.9,100.0,91.9,92.9,95.7,98.8,,,,,6.7,7.2,Original,-0.5,Abaixo da meta,6,5,Adequado,Adequado
GILBERTO FLORENCIO PROF EMEF,Fundamental I,2021,240.96,231.8,6.777071,1.0,100.0,100.0,100.0,100.0,100.0,100.0,,,,,6.8,7.4,Original,-0.6000000000000005,Abaixo da meta,5,5,Básico,Adequado
GILBERTO FLORENCIO PROF EMEF,Fundamental I,2023,230.43,220.94,6.378663,0.98359,98.4,100.0,98.3,96.6,100.0,97.0,,,,,6.3,7.4,Referência 2021,-1.1000000000000005,Abaixo da meta,5,4,Básico,Adequado
GILBERTO FLORENCIO PROF EMEF,Fundamental I,2025,211.37,197.83,,0.996553,99.6,100.0,100.0,98.3,100.0,100.0,,,,,5.6,7.4,Referência 2021,-1.8000000000000007,Abaixo da meta,4,3,Básico,Básico
GILBERTO FLORENCIO PROF EMEF,Fundamental II,2005,250.0,238.53,4.808808,0.858613,86.7,,,,,,88.4,80.5,85.9,89.2,4.1,,,,,3,2,Básico,Básico
GILBERTO FLORENCIO PROF EMEF,Fundamental II,2007,247.21,236.67,4.731333,0.890142,87.7,,,,,,85.6,,86.1,96.1,4.2,4.2,Original,0.0,Atingiu a meta,2,2,Básico,Básico
GILBERTO FLORENCIO PROF EMEF,Fundamental II,2009,265.51,259.55,5.417667,0.828953,83.0,,,,,,84.6,78.9,81.1,87.5,4.5,4.3,Original,0.20000000000000018,Acima da meta,3,3,Básico,Básico
GILBERTO FLORENCIO PROF EMEF,Fundamental II,2011,262.09,255.81,5.298333,0.867198,87.2,,,,,,81.9,84.9,92.6,88.2,4.6,4.6,Original,0.0,Atingiu a meta,3,3,Básico,Básico
GILBERTO FLORENCIO PROF EMEF,Fundamental II,2013,262.33,257.28,5.326833,0.939402,94.3,,,,,,91.9,93.6,93.5,96.9,5.0,5.0,Original,0.0,Atingiu a meta,3,3,Básico,Básico
GILBERTO FLORENCIO PROF EMEF,Fundamental II,2015,271.31,272.72,5.733833,0.918809,92.3,,,,,,95.4,84.4,89.9,99.2,5.3,5.3,Original,0.0,Atingiu a meta,3,3,Básico,Básico
GILBERTO FLORENCIO PROF EMEF,Fundamental II,2017,285.28,284.02,6.155,0.915839,92.0,,,,,,91.7,88.8,89.2,97.1,5.6,5.6,Original,0.0,Atingiu a meta,4,4,Básico,Adequado
GILBERTO FLORENCIO PROF EMEF,Fundamental II,2019,281.18,280.63,6.030167,0.981756,98.2,,,,,,98.1,95.8,98.9,100.0,5.9,5.8,Original,0.10000000000000053,Acima da meta,4,4,Básico,Adequado
GILBERTO FLORENCIO PROF EMEF,Fundamental II,2021,284.78,280.72,6.091667,1.0,100.0,,,,,,100.0,100.0,100.0,100.0,6.1,6.1,Original,0.0,Atingiu a meta,4,4,Básico,Adequado
GILBERTO FLORENCIO PROF EMEF,Fundamental II,2023,279.0,285.76,6.079333,0.995951,99.6,,,,,,100.0,98.4,100.0,100.0,6.1,6.1,Referência 2021,0.0,Atingiu a meta,4,4,Básico,Adequado
GILBERTO FLORENCIO PROF EMEF,Fundamental II,2025,259.3,265.08,,0.979417,97.9,,,,,,100.0,98.7,95.1,98.1,5.3,6.1,Referência 2021,-0.7999999999999998,Abaixo da meta,3,3,Básico,Básico
ITAJAHY FEITOSA MARTINS PROF EMEF,Fundamental II,2005,253.07,229.09,4.702652,0.767831,79.5,,,,,,67.7,83.4,81.9,76.2,3.6,,,,,3,2,Básico,Básico
ITAJAHY FEITOSA MARTINS PROF EMEF,Fundamental II,2007,,,,,,,,,,,,,,,,3.6,Original,,,,,,
ITAJAHY FEITOSA MARTINS PROF EMEF,Fundamental II,2009,,,,,,,,,,,,,,,,3.8,Original,,,,,,
ITAJAHY FEITOSA MARTINS PROF EMEF,Fundamental II,2011,,,,,,,,,,,,,,,,4.1,Original,,,,,,
ITAJAHY FEITOSA MARTINS PROF EMEF,Fundamental II,2013,,,,,,,,,,,,,,,,4.5,Original,,,,,,
ITAJAHY FEITOSA MARTINS PROF EMEF,Fundamental II,2015,,,,,,,,,,,,,,,,4.8,Original,,,,,,
ITAJAHY FEITOSA MARTINS PROF EMEF,Fundamental II,2017,,,,,,,,,,,,,,,,5.1,Original,,,,,,
ITAJAHY FEITOSA MARTINS PROF EMEF,Fundamental II,2019,,,,,,,,,,,,,,,,5.4,Original,,,,,,
ITAJAHY FEITOSA MARTINS PROF EMEF,Fundamental II,2021,,,,,,,,,,,,,,,,5.6,Original,,,,,,
ITAJAHY FEITOSA MARTINS PROF EMEF,Fundamental II,2023,,,,,,,,,,,,,,,,5.6,Referência 2021,,,,,,
ITAJAHY FEITOSA MARTINS PROF EMEF,Fundamental II,2025,,,,,,,,,,,,,,,,5.6,Referência 2021,,,,,,
ITB PROFESSORA DAGMAR RIBAS TRINDADE,Fundamental I,2005,,,,,,,,,,,,,,,,,,,,,,,
ITB PROFESSORA DAGMAR RIBAS TRINDADE,Fundamental I,2007,,,,,,,,,,,,,,,,,Original,,,,,,
ITB PROFESSORA DAGMAR RIBAS TRINDADE,Fundamental I,2009,,,,,,,,,,,,,,,,,Original,,,,,,
ITB PROFESSORA DAGMAR RIBAS TRINDADE,Fundamental I,2011,268.83,251.3,7.663487,1.0,100.0,100.0,100.0,100.0,100.0,100.0,,,,,7.7,,Original,,,6,6,Adequado,Adequado
ITB PROFESSORA DAGMAR RIBAS TRINDADE,Fundamental I,2013,284.09,260.36,8.119436,0.993971,99.5,100.0,98.6,100.0,99.2,99.2,,,,,8.1,7.8,Original,0.2999999999999998,Acima da meta,7,6,Avançado,Avançado
ITB PROFESSORA DAGMAR RIBAS TRINDADE,Fundamental I,2015,269.33,257.69,7.789211,0.985007,98.6,100.0,96.7,100.0,97.2,98.7,,,,,7.7,7.9,Original,-0.20000000000000018,Abaixo da meta,6,6,Adequado,Adequado
ITB PROFESSORA DAGMAR RIBAS TRINDADE,Fundamental I,2017,294.8,271.37,8.524007,0.996553,99.7,100.0,100.0,100.0,98.3,100.0,,,,,8.5,8.1,Original,0.40000000000000036,Acima da meta,7,6,Avançado,Avançado
ITB PROFESSORA DAGMAR RIBAS TRINDADE,Fundamental I,2019,271.06,253.84,7.752226,0.977812,97.6,100.0,100.0,97.6,96.4,95.1,,,,,7.6,8.2,Original,-0.5999999999999996,Abaixo da meta,6,6,Adequado,Adequado
ITB PROFESSORA DAGMAR RIBAS TRINDADE,Fundamental I,2021,261.34,246.63,7.435639,0.976978,97.8,100.0,97.0,97.0,94.7,100.0,,,,,7.3,8.3,Original,-1.0000000000000009,Abaixo da meta,6,5,Adequado,Adequado
ITB PROFESSORA DAGMAR RIBAS TRINDADE,Fundamental I,2023,268.56,252.28,7.676153,0.995314,99.4,100.0,100.0,100.0,100.0,97.7,,,,,7.6,8.3,Referência 2021,-0.7000000000000011,Abaixo da meta,6,6,Adequado,Adequado
ITB PROFESSORA DAGMAR RIBAS TRINDADE,Fundamental I,2025,274.58,255.78,,0.99778,99.7,100.0,100.0,100.0,98.9,100.0,,,,,7.8,8.3,Referência 2021,-0.5000000000000009,Abaixo da meta,6,6,Adequado,Adequado
ITB PROFESSORA DAGMAR RIBAS TRINDADE,Fundamental II,2005,,,,,,,,,,,,,,,,,,,,,,,
ITB PROFESSORA DAGMAR RIBAS TRINDADE,Fundamental II,2007,,,,,,,,,,,,,,,,,Original,,,,,,
ITB PROFESSORA DAGMAR RIBAS TRINDADE,Fundamental II,2009,,,,,,,,,,,,,,,,,Original,,,,,,
ITB PROFESSORA DAGMAR RIBAS TRINDADE,Fundamental II,2011,325.01,307.07,7.201333,0.915009,91.5,,,,,,93.0,89.8,90.3,93.0,6.6,,Original,,,6,5,Adequado,Adequado
ITB PROFESSORA DAGMAR RIBAS TRINDADE,Fundamental II,2013,318.88,304.87,7.0625,0.920385,91.9,,,,,,92.7,91.0,89.1,95.6,6.5,6.7,Original,-0.20000000000000018,Abaixo da meta,5,5,Adequado,Adequado
ITB PROFESSORA DAGMAR RIBAS TRINDADE,Fundamental II,2015,317.67,307.03,7.078333,0.923415,92.8,,,,,,93.7,83.8,94.7,98.5,6.5,6.9,Original,-0.40000000000000036,Abaixo da meta,5,5,Adequado,Adequado
ITB PROFESSORA DAGMAR RIBAS TRINDADE,Fundamental II,2017,320.56,316.59,7.285833,0.937744,94.4,,,,,,92.2,96.4,91.2,95.5,6.8,7.1,Original,-0.2999999999999998,Abaixo da meta,5,5,Adequado,Adequado
ITB PROFESSORA DAGMAR RIBAS TRINDADE,Fundamental II,2019,307.95,301.98,6.832167,0.907122,91.1,,,,,,90.4,90.9,89.3,92.3,6.2,7.3,Original,-1.0999999999999996,Abaixo da meta,5,5,Adequado,Adequado
ITB PROFESSORA DAGMAR RIBAS TRINDADE,Fundamental II,2021,309.4,307.67,6.951167,0.96652,97.0,,,,,,91.9,95.2,100.0,100.0,6.7,7.4,Original,-0.7000000000000002,Abaixo da meta,5,5,Adequado,Adequado
ITB PROFESSORA DAGMAR RIBAS TRINDADE,Fundamental II,2023,296.83,301.85,6.644667,0.995181,99.5,,,,,,100.0,98.1,100.0,100.0,6.6,7.4,Referência 2021,-0.8000000000000007,Abaixo da meta,4,5,Básico,Adequado
ITB PROFESSORA DAGMAR RIBAS TRINDADE,Fundamental II,2025,308.11,311.83,,0.994149,99.3,,,,,,100.0,100.0,97.7,100.0,7.0,7.4,Referência 2021,-0.40000000000000036,Abaixo da meta,5,5,Adequado,Adequado
ITB PROFESSORA MARIA THEODORA PEDREIRA DE FREITAS,Fundamental I,2005,,,,,,,,,,,,,,,,,,,,,,,
ITB PROFESSORA MARIA THEODORA PEDREIRA DE FREITAS,Fundamental I,2007,268.46,235.68,7.372426,0.992452,99.1,100.0,100.0,99.4,100.0,96.9,,,,,7.3,,Original,,,6,5,Adequado,Adequado
ITB PROFESSORA MARIA THEODORA PEDREIRA DE FREITAS,Fundamental I,2009,281.87,255.83,7.994706,1.0,100.0,100.0,100.0,100.0,100.0,100.0,,,,,8.0,7.4,Original,0.5999999999999996,Acima da meta,7,6,Adequado,Adequado
ITB PROFESSORA MARIA THEODORA PEDREIRA DE FREITAS,Fundamental I,2011,265.32,243.22,7.449593,0.987691,98.6,100.0,99.3,99.5,97.4,97.7,,,,,7.4,7.6,Original,-0.1999999999999993,Abaixo da meta,6,5,Adequado,Adequado
ITB PROFESSORA MARIA THEODORA PEDREIRA DE FREITAS,Fundamental I,2013,279.06,253.22,7.893625,0.99095,99.1,100.0,98.9,97.9,99.5,99.2,,,,,7.8,7.8,Original,0.0,Atingiu a meta,7,6,Adequado,Adequado
ITB PROFESSORA MARIA THEODORA PEDREIRA DE FREITAS,Fundamental I,2015,282.84,258.81,8.067399,0.987771,98.7,100.0,96.0,100.0,99.4,98.6,,,,,8.0,7.9,Original,0.09999999999999964,Acima da meta,7,6,Adequado,Adequado
ITB PROFESSORA MARIA THEODORA PEDREIRA DE FREITAS,Fundamental I,2017,282.72,263.68,8.153654,0.993154,99.3,100.0,98.3,99.5,98.8,100.0,,,,,8.1,8.0,Original,0.09999999999999964,Acima da meta,7,6,Adequado,Avançado
ITB PROFESSORA MARIA THEODORA PEDREIRA DE FREITAS,Fundamental I,2019,278.97,264.02,8.088271,0.99175,99.1,100.0,99.1,99.5,97.9,99.4,,,,,8.0,8.1,Original,-0.09999999999999964,Abaixo da meta,7,6,Adequado,Avançado
ITB PROFESSORA MARIA THEODORA PEDREIRA DE FREITAS,Fundamental I,2021,267.54,263.43,7.859414,1.0,100.0,100.0,100.0,100.0,100.0,100.0,,,,,7.9,8.3,Original,-0.40000000000000036,Abaixo da meta,6,6,Adequado,Avançado
ITB PROFESSORA MARIA THEODORA PEDREIRA DE FREITAS,Fundamental I,2023,288.03,263.28,8.247718,1.0,100.0,100.0,100.0,100.0,100.0,100.0,,,,,8.2,8.3,Referência 2021,-0.10000000000000142,Abaixo da meta,7,6,Avançado,Avançado
ITB PROFESSORA MARIA THEODORA PEDREIRA DE FREITAS,Fundamental I,2025,280.01,257.0,,1.0,100.0,100.0,100.0,100.0,100.0,100.0,,,,,8.0,8.3,Referência 2021,-0.3000000000000007,Abaixo da meta,7,6,Adequado,Adequado
ITB PROFESSORA MARIA THEODORA PEDREIRA DE FREITAS,Fundamental II,2005,,,,,,,,,,,,,,,,,,,,,,,
ITB PROFESSORA MARIA THEODORA PEDREIRA DE FREITAS,Fundamental II,2007,307.45,281.79,6.487333,0.966581,96.7,,,,,,99.2,98.9,95.8,93.0,6.3,,Original,,,5,4,Adequado,Adequado
ITB PROFESSORA MARIA THEODORA PEDREIRA DE FREITAS,Fundamental II,2009,305.12,289.71,6.5805,0.991739,99.1,,,,,,99.5,99.5,98.8,98.9,6.5,6.3,Original,0.20000000000000018,Acima da meta,5,4,Adequado,Adequado
ITB PROFESSORA MARIA THEODORA PEDREIRA DE FREITAS,Fundamental II,2011,311.34,299.14,6.841333,0.903328,90.8,,,,,,99.0,92.0,85.6,86.0,6.2,6.5,Original,-0.2999999999999998,Abaixo da meta,5,4,Adequado,Adequado
ITB PROFESSORA MARIA THEODORA PEDREIRA DE FREITAS,Fundamental II,2013,303.84,290.08,6.565333,0.864692,86.2,,,,,,93.0,93.2,82.3,79.2,5.7,6.7,Original,-1.0,Abaixo da meta,5,4,Adequado,Adequado
ITB PROFESSORA MARIA THEODORA PEDREIRA DE FREITAS,Fundamental II,2015,297.73,290.18,6.465167,0.894123,89.2,,,,,,95.9,89.1,83.0,90.6,5.8,7.0,Original,-1.2000000000000002,Abaixo da meta,4,4,Básico,Adequado
ITB PROFESSORA MARIA THEODORA PEDREIRA DE FREITAS,Fundamental II,2017,311.08,306.99,6.967833,0.922939,92.5,,,,,,97.5,87.1,89.4,96.0,6.4,7.2,Original,-0.7999999999999998,Abaixo da meta,5,5,Adequado,Adequado
ITB PROFESSORA MARIA THEODORA PEDREIRA DE FREITAS,Fundamental II,2019,316.24,311.25,7.124833,0.899759,90.5,,,,,,96.6,84.2,95.7,84.9,6.4,7.3,Original,-0.8999999999999995,Abaixo da meta,5,5,Adequado,Adequado
ITB PROFESSORA MARIA THEODORA PEDREIRA DE FREITAS,Fundamental II,2021,294.96,290.43,6.423167,0.994712,99.5,,,,,,100.0,100.0,98.5,99.4,6.4,7.5,Original,-1.0999999999999996,Abaixo da meta,4,4,Básico,Adequado
ITB PROFESSORA MARIA THEODORA PEDREIRA DE FREITAS,Fundamental II,2023,288.13,297.83,6.432667,0.998745,99.9,,,,,,100.0,100.0,99.5,100.0,6.4,7.5,Referência 2021,-1.0999999999999996,Abaixo da meta,4,4,Básico,Adequado
ITB PROFESSORA MARIA THEODORA PEDREIRA DE FREITAS,Fundamental II,2025,301.42,302.28,,0.995731,99.6,,,,,,100.0,99.0,99.3,100.0,6.7,7.5,Referência 2021,-0.7999999999999998,Abaixo da meta,5,5,Adequado,Adequado
IVANI MARIA PAES PROF EMEF,Fundamental I,2005,,,,,,,,,,,,,,,,,,,,,,,
IVANI MARIA PAES PROF EMEF,Fundamental I,2007,,,,,,,,,,,,,,,,,Original,,,,,,
IVANI MARIA PAES PROF EMEF,Fundamental I,2009,,,,,,,,,,,,,,,,,Original,,,,,,
IVANI MARIA PAES PROF EMEF,Fundamental I,2011,,,,,,,,,,,,,,,,,Original,,,,,,
IVANI MARIA PAES PROF EMEF,Fundamental I,2013,,,,,,,,,,,,,,,,,Original,,,,,,
IVANI MARIA PAES PROF EMEF,Fundamental I,2015,,,,,,,,,,,,,,,,,Original,,,,,,
IVANI MARIA PAES PROF EMEF,Fundamental I,2017,,,,,,,,,,,,,,,,,Original,,,,,,
IVANI MARIA PAES PROF EMEF,Fundamental I,2019,,,,,,,,,,,,,,,,,Original,,,,,,
IVANI MARIA PAES PROF EMEF,Fundamental I,2021,,,,,,,,,,,,,,,,,Original,,,,,,
IVANI MARIA PAES PROF EMEF,Fundamental I,2023,,,,,,,,,,,,,,,,,Referência 2021,,,,,,
IVANI MARIA PAES PROF EMEF,Fundamental I,2025,237.97,229.21,,0.969373,96.7,100.0,91.5,97.2,100.0,96.5,,,,,6.5,,Referência 2021,,,5,5,Básico,Adequado
IVANI MARIA PAES PROF EMEF,Fundamental II,2005,,,,,,,,,,,,,,,,,,,,,,,
IVANI MARIA PAES PROF EMEF,Fundamental II,2007,,,,,,,,,,,,,,,,,Original,,,,,,
IVANI MARIA PAES PROF EMEF,Fundamental II,2009,,,,,,,,,,,,,,,,,Original,,,,,,
IVANI MARIA PAES PROF EMEF,Fundamental II,2011,,,,,,,,,,,,,,,,,Original,,,,,,
IVANI MARIA PAES PROF EMEF,Fundamental II,2013,,,,,,,,,,,,,,,,,Original,,,,,,
IVANI MARIA PAES PROF EMEF,Fundamental II,2015,,,,,,,,,,,,,,,,,Original,,,,,,
IVANI MARIA PAES PROF EMEF,Fundamental II,2017,,,,,,,,,,,,,,,,,Original,,,,,,
IVANI MARIA PAES PROF EMEF,Fundamental II,2019,,,,,,,,,,,,,,,,,Original,,,,,,
IVANI MARIA PAES PROF EMEF,Fundamental II,2021,,,,,,,,,,,,,,,,,Original,,,,,,
IVANI MARIA PAES PROF EMEF,Fundamental II,2023,,,,,,,,,,,,,,,,,Referência 2021,,,,,,
IVANI MARIA PAES PROF EMEF,Fundamental II,2025,270.1,275.2,,0.964354,96.5,,,,,,94.9,97.1,95.8,98.0,5.5,,Referência 2021,,,3,4,Básico,Adequado
IVANI MARIA PAES PROFA EMEF,Fundamental I,2005,,,,,,,,,,,,,,,,,,,,,,,
IVANI MARIA PAES PROFA EMEF,Fundamental I,2007,,,,,,,,,,,,,,,,,Original,,,,,,
IVANI MARIA PAES PROFA EMEF,Fundamental I,2009,,,,,,,,,,,,,,,,,Original,,,,,,
IVANI MARIA PAES PROFA EMEF,Fundamental I,2011,,,,,,,,,,,,,,,,,Original,,,,,,
IVANI MARIA PAES PROFA EMEF,Fundamental I,2013,,,,,,,,,,,,,,,,,Original,,,,,,
IVANI MARIA PAES PROFA EMEF,Fundamental I,2015,,,,,,,,,,,,,,,,,Original,,,,,,
IVANI MARIA PAES PROFA EMEF,Fundamental I,2017,,,,,,,,,,,,,,,,,Original,,,,,,
IVANI MARIA PAES PROFA EMEF,Fundamental I,2019,,,,,,,,,,,,,,,,,Original,,,,,,
IVANI MARIA PAES PROFA EMEF,Fundamental I,2021,,,,0.990877,98.9,100.0,100.0,97.7,100.0,97.8,,,,,,,Original,,,,,,
IVANI MARIA PAES PROFA EMEF,Fundamental I,2023,,,,,,,,,,,,,,,,,Referência 2021,,,,,,
IVANI MARIA PAES PROFA EMEF,Fundamental I,2025,,,,,,,,,,,,,,,,,Referência 2021,,,,,,
IVANI MARIA PAES PROFA EMEF,Fundamental II,2005,,,,,,,,,,,,,,,,,,,,,,,
IVANI MARIA PAES PROFA EMEF,Fundamental II,2007,,,,,,,,,,,,,,,,,Original,,,,,,
IVANI MARIA PAES PROFA EMEF,Fundamental II,2009,238.72,236.69,4.590167,0.920491,92.2,,,,,,95.2,,,89.1,4.2,,Original,,,2,2,Básico,Básico
IVANI MARIA PAES PROFA EMEF,Fundamental II,2011,249.64,242.57,4.870167,0.878963,87.8,,,,,,84.2,89.3,86.3,92.2,4.3,4.4,Original,-0.10000000000000053,Abaixo da meta,2,2,Básico,Básico
IVANI MARIA PAES PROFA EMEF,Fundamental II,2013,258.97,254.77,5.229,0.819256,84.5,,,,,,84.5,74.0,80.0,91.1,4.3,4.7,Original,-0.40000000000000036,Abaixo da meta,3,3,Básico,Básico
IVANI MARIA PAES PROFA EMEF,Fundamental II,2015,265.36,265.23,5.509833,0.92186,92.5,,,,,,92.8,89.7,90.5,96.0,5.1,5.0,Original,0.09999999999999964,Acima da meta,3,3,Básico,Básico
IVANI MARIA PAES PROFA EMEF,Fundamental II,2017,,,,0.915928,93.1,,,,,,91.2,84.3,96.1,95.8,,5.2,Original,,,,,,
IVANI MARIA PAES PROFA EMEF,Fundamental II,2019,283.14,279.13,6.037833,0.960519,96.5,,,,,,98.7,90.5,96.7,98.8,5.8,5.5,Original,0.2999999999999998,Acima da meta,4,4,Básico,Adequado
IVANI MARIA PAES PROFA EMEF,Fundamental II,2021,277.8,278.58,5.939667,1.0,100.0,,,,,,100.0,100.0,100.0,100.0,5.9,5.7,Original,0.20000000000000018,Acima da meta,4,4,Básico,Adequado
IVANI MARIA PAES PROFA EMEF,Fundamental II,2023,,,,,,,,,,,,,,,,5.7,Referência 2021,,,,,,
IVANI MARIA PAES PROFA EMEF,Fundamental II,2025,,,,,,,,,,,,,,,,5.7,Referência 2021,,,,,,
JOAO CARVALHO DE LIMA EMEF,Fundamental I,2005,186.97,181.93,4.840025,0.923465,92.3,,90.7,91.4,95.0,92.4,,,,,4.5,,,,,3,3,Abaixo do básico,Básico
JOAO CARVALHO DE LIMA EMEF,Fundamental I,2007,213.76,197.03,5.625806,0.919051,91.6,100.0,88.6,89.6,90.1,92.1,,,,,5.2,4.5,Original,0.7000000000000002,Acima da meta,4,3,Básico,Básico
JOAO CARVALHO DE LIMA EMEF,Fundamental I,2009,219.13,195.69,5.703923,0.875106,88.9,98.3,87.1,86.4,79.8,87.9,,,,,5.0,4.9,Original,0.09999999999999964,Acima da meta,4,3,Básico,Básico
JOAO CARVALHO DE LIMA EMEF,Fundamental I,2011,239.58,220.71,6.549099,0.939381,93.8,98.9,89.4,95.8,95.0,91.2,,,,,6.2,5.3,Original,0.9000000000000004,Acima da meta,5,4,Básico,Adequado
JOAO CARVALHO DE LIMA EMEF,Fundamental I,2013,224.47,214.41,6.146195,0.934356,93.2,99.5,92.0,89.1,90.5,96.9,,,,,5.7,5.5,Original,0.20000000000000018,Acima da meta,4,4,Básico,Básico
JOAO CARVALHO DE LIMA EMEF,Fundamental I,2015,219.98,213.85,6.050326,0.957927,95.9,99.0,98.8,92.8,94.2,94.5,,,,,5.8,5.8,Original,0.0,Atingiu a meta,4,4,Básico,Básico
JOAO CARVALHO DE LIMA EMEF,Fundamental I,2017,234.95,222.12,6.486377,0.948593,94.9,97.8,98.7,96.7,93.8,88.1,,,,,6.2,6.0,Original,0.20000000000000018,Acima da meta,5,4,Básico,Adequado
JOAO CARVALHO DE LIMA EMEF,Fundamental I,2019,248.24,231.9,6.917821,0.981385,98.5,100.0,93.5,98.6,100.0,98.9,,,,,6.8,6.3,Original,0.5,Acima da meta,5,5,Adequado,Adequado
JOAO CARVALHO DE LIMA EMEF,Fundamental I,2021,,,,1.0,100.0,100.0,100.0,100.0,100.0,100.0,,,,,,6.5,Original,,,,,,
JOAO CARVALHO DE LIMA EMEF,Fundamental I,2023,225.14,212.81,6.12989,0.969144,97.0,96.7,96.4,96.2,100.0,95.4,,,,,5.9,6.5,Referência 2021,-0.5999999999999996,Abaixo da meta,5,4,Básico,Básico
JOAO CARVALHO DE LIMA EMEF,Fundamental I,2025,,,,0.986252,98.6,97.2,98.6,100.0,100.0,97.4,,,,,,6.5,Referência 2021,,,,,,
JOAO CARVALHO DE LIMA EMEF,Fundamental II,2005,,,,,,,,,,,,,,,,,,,,,,,
JOAO CARVALHO DE LIMA EMEF,Fundamental II,2007,,,,,,,,,,,,,,,,,Original,,,,,,
JOAO CARVALHO DE LIMA EMEF,Fundamental II,2009,,,,,,,,,,,,,,,,,Original,,,,,,
JOAO CARVALHO DE LIMA EMEF,Fundamental II,2011,,,,,,,,,,,,,,,,,Original,,,,,,
JOAO CARVALHO DE LIMA EMEF,Fundamental II,2013,,,,,,,,,,,,,,,,,Original,,,,,,
JOAO CARVALHO DE LIMA EMEF,Fundamental II,2015,,,,,,,,,,,,,,,,,Original,,,,,,
JOAO CARVALHO DE LIMA EMEF,Fundamental II,2017,252.01,253.41,5.090333,0.909263,90.7,,,,,,88.1,93.4,86.1,96.9,4.6,,Original,,,3,3,Básico,Básico
JOAO CARVALHO DE LIMA EMEF,Fundamental II,2019,271.87,259.61,5.524667,0.971702,96.9,,,,,,97.1,95.5,96.2,100.0,5.4,4.9,Original,0.5,Acima da meta,3,3,Básico,Básico
JOAO CARVALHO DE LIMA EMEF,Fundamental II,2021,275.61,269.16,5.746167,1.0,100.0,,,,,,100.0,100.0,100.0,100.0,5.7,5.1,Original,0.6000000000000005,Acima da meta,4,3,Básico,Básico
JOAO CARVALHO DE LIMA EMEF,Fundamental II,2023,263.08,267.39,5.507833,0.969494,96.7,,,,,,98.8,96.4,94.7,98.0,5.3,5.1,Referência 2021,0.20000000000000018,Acima da meta,3,3,Básico,Básico
JOAO CARVALHO DE LIMA EMEF,Fundamental II,2025,256.34,261.17,,0.977052,97.5,,,,,,96.2,97.2,100.0,97.5,5.2,5.1,Referência 2021,0.10000000000000053,Acima da meta,3,3,Básico,Básico
JOAO DE ALMEIDA LEMOS EMEF,Fundamental I,2005,183.49,184.64,4.822757,0.874958,87.7,,83.4,88.0,91.9,87.1,,,,,4.2,,,,,3,3,Abaixo do básico,Básico
JOAO DE ALMEIDA LEMOS EMEF,Fundamental I,2007,209.76,198.61,5.578197,0.937899,92.9,100.0,92.0,89.3,93.9,94.4,,,,,5.2,4.3,Original,0.9000000000000004,Acima da meta,4,3,Básico,Básico
JOAO DE ALMEIDA LEMOS EMEF,Fundamental I,2009,222.76,202.58,5.898471,0.93588,93.0,100.0,91.9,93.0,90.4,93.2,,,,,5.5,4.6,Original,0.9000000000000004,Acima da meta,4,4,Básico,Básico
JOAO DE ALMEIDA LEMOS EMEF,Fundamental I,2011,228.88,200.48,5.977083,0.94987,94.7,100.0,90.0,91.4,97.2,97.1,,,,,5.7,5.0,Original,0.7000000000000002,Acima da meta,5,4,Básico,Básico
JOAO DE ALMEIDA LEMOS EMEF,Fundamental I,2013,234.89,221.95,6.482141,0.904041,91.6,100.0,88.1,78.6,93.2,95.2,,,,,5.9,5.3,Original,0.6000000000000005,Acima da meta,5,4,Básico,Adequado
JOAO DE ALMEIDA LEMOS EMEF,Fundamental I,2015,238.31,225.58,6.613408,0.955614,95.8,97.4,100.0,86.0,95.9,100.0,,,,,6.3,5.6,Original,0.7000000000000002,Acima da meta,5,5,Básico,Adequado
JOAO DE ALMEIDA LEMOS EMEF,Fundamental I,2017,241.62,237.15,6.88694,0.974652,97.4,100.0,97.6,94.3,98.0,97.6,,,,,6.7,5.8,Original,0.9000000000000004,Acima da meta,5,5,Básico,Adequado
JOAO DE ALMEIDA LEMOS EMEF,Fundamental I,2019,242.42,238.69,6.930207,0.942497,94.3,100.0,86.3,88.9,97.9,100.0,,,,,6.5,6.1,Original,0.40000000000000036,Acima da meta,5,5,Básico,Adequado
JOAO DE ALMEIDA LEMOS EMEF,Fundamental I,2021,246.04,249.28,7.191836,1.0,100.0,100.0,100.0,100.0,100.0,100.0,,,,,7.2,6.3,Original,0.9000000000000004,Acima da meta,5,5,Adequado,Adequado
JOAO DE ALMEIDA LEMOS EMEF,Fundamental I,2023,240.86,235.52,6.842799,0.984838,98.5,100.0,100.0,97.0,97.5,98.0,,,,,6.7,6.3,Referência 2021,0.40000000000000036,Acima da meta,5,5,Básico,Adequado
JOAO DE ALMEIDA LEMOS EMEF,Fundamental I,2025,230.04,221.21,,0.970379,97.1,100.0,93.5,94.1,98.0,100.0,,,,,6.2,6.3,Referência 2021,-0.09999999999999964,Abaixo da meta,5,4,Básico,Adequado
JOAO DE ALMEIDA LEMOS EMEF,Fundamental II,2005,,,,,,,,,,,,,,,,,,,,,,,
JOAO DE ALMEIDA LEMOS EMEF,Fundamental II,2007,,,,,,,,,,,,,,,,,Original,,,,,,
JOAO DE ALMEIDA LEMOS EMEF,Fundamental II,2009,,,,,,,,,,,,,,,,,Original,,,,,,
JOAO DE ALMEIDA LEMOS EMEF,Fundamental II,2011,257.7,258.06,5.262667,0.920147,92.0,,,,,,94.4,91.4,86.0,97.0,4.8,,Original,,,3,3,Básico,Básico
JOAO DE ALMEIDA LEMOS EMEF,Fundamental II,2013,237.26,243.78,4.684,0.869962,86.5,,,,,,80.2,83.5,89.6,96.4,4.1,5.1,Original,-1.0,Abaixo da meta,2,2,Básico,Básico
JOAO DE ALMEIDA LEMOS EMEF,Fundamental II,2015,265.21,257.0,5.370167,0.92012,93.1,,,,,,95.9,84.5,89.2,100.0,4.9,5.3,Original,-0.39999999999999947,Abaixo da meta,3,3,Básico,Básico
JOAO DE ALMEIDA LEMOS EMEF,Fundamental II,2017,279.21,282.83,6.034,0.923863,92.6,,,,,,90.0,90.9,92.5,96.4,5.6,5.6,Original,0.0,Atingiu a meta,4,4,Básico,Adequado
JOAO DE ALMEIDA LEMOS EMEF,Fundamental II,2019,283.62,279.55,6.052833,0.95785,95.6,,,,,,94.9,95.3,93.2,100.0,5.8,5.8,Original,0.0,Atingiu a meta,4,4,Básico,Adequado
JOAO DE ALMEIDA LEMOS EMEF,Fundamental II,2021,288.76,294.71,6.391167,1.0,100.0,,,,,,100.0,100.0,100.0,100.0,6.4,6.0,Original,0.40000000000000036,Acima da meta,4,4,Básico,Adequado
JOAO DE ALMEIDA LEMOS EMEF,Fundamental II,2023,284.83,294.17,6.316667,0.976008,97.7,,,,,,95.8,96.9,97.8,100.0,6.2,6.0,Referência 2021,0.20000000000000018,Acima da meta,4,4,Básico,Adequado
JOAO DE ALMEIDA LEMOS EMEF,Fundamental II,2025,279.34,276.59,,0.960551,96.3,,,,,,95.6,100.0,96.2,92.7,5.7,6.0,Referência 2021,-0.2999999999999998,Abaixo da meta,4,4,Básico,Adequado
JOAO TIBURCIO SILVA FILHO PROF EMEF,Fundamental I,2005,,,,,,,,,,,,,,,,,,,,,,,
JOAO TIBURCIO SILVA FILHO PROF EMEF,Fundamental I,2007,216.7,194.86,5.642458,0.944638,95.3,100.0,84.8,91.2,98.3,100.0,,,,,5.3,,Original,,,4,3,Básico,Básico
JOAO TIBURCIO SILVA FILHO PROF EMEF,Fundamental I,2009,212.13,185.99,5.393972,0.956475,96.2,100.0,89.6,96.4,93.1,100.0,,,,,5.2,5.5,Original,-0.2999999999999998,Abaixo da meta,4,3,Básico,Básico
JOAO TIBURCIO SILVA FILHO PROF EMEF,Fundamental I,2011,206.64,199.33,5.531746,0.911074,90.8,97.5,84.9,90.0,95.6,88.7,,,,,5.0,5.8,Original,-0.7999999999999998,Abaixo da meta,4,3,Básico,Básico
JOAO TIBURCIO SILVA FILHO PROF EMEF,Fundamental I,2013,226.47,212.72,6.153636,0.975482,97.4,100.0,94.9,95.1,100.0,98.0,,,,,6.0,6.1,Original,-0.09999999999999964,Abaixo da meta,5,4,Básico,Básico
JOAO TIBURCIO SILVA FILHO PROF EMEF,Fundamental I,2015,227.07,217.23,6.247086,0.965942,96.6,100.0,100.0,87.8,96.4,100.0,,,,,6.0,6.3,Original,-0.2999999999999998,Abaixo da meta,5,4,Básico,Básico
JOAO TIBURCIO SILVA FILHO PROF EMEF,Fundamental I,2017,240.96,233.58,6.809435,0.974374,97.4,100.0,97.7,96.0,95.9,97.7,,,,,6.6,6.5,Original,0.09999999999999964,Acima da meta,5,5,Básico,Adequado
JOAO TIBURCIO SILVA FILHO PROF EMEF,Fundamental I,2019,241.58,228.07,6.721085,0.962493,96.5,100.0,95.1,91.5,95.2,100.0,,,,,6.5,6.7,Original,-0.20000000000000018,Abaixo da meta,5,5,Básico,Adequado
JOAO TIBURCIO SILVA FILHO PROF EMEF,Fundamental I,2021,219.02,214.37,6.04146,0.995106,99.6,100.0,97.6,100.0,100.0,100.0,,,,,6.0,6.9,Original,-0.9000000000000004,Abaixo da meta,4,4,Básico,Básico
JOAO TIBURCIO SILVA FILHO PROF EMEF,Fundamental I,2023,217.14,211.26,5.949037,0.993432,99.2,100.0,100.0,96.8,100.0,100.0,,,,,5.9,6.9,Referência 2021,-1.0,Abaixo da meta,4,4,Básico,Básico
JOAO TIBURCIO SILVA FILHO PROF EMEF,Fundamental I,2025,230.11,220.08,,1.0,100.0,100.0,100.0,100.0,100.0,100.0,,,,,6.4,6.9,Referência 2021,-0.5,Abaixo da meta,5,4,Básico,Adequado
JOAO TIBURCIO SILVA FILHO PROF EMEF,Fundamental II,2005,,,,,,,,,,,,,,,,,,,,,,,
JOAO TIBURCIO SILVA FILHO PROF EMEF,Fundamental II,2007,255.62,243.65,4.987833,0.865871,86.5,,,,,,86.4,82.0,90.6,87.8,4.3,,Original,,,3,2,Básico,Básico
JOAO TIBURCIO SILVA FILHO PROF EMEF,Fundamental II,2009,248.89,241.47,4.839333,0.874479,87.3,,,,,,86.2,87.5,90.0,86.2,4.2,4.4,Original,-0.20000000000000018,Abaixo da meta,2,2,Básico,Básico
JOAO TIBURCIO SILVA FILHO PROF EMEF,Fundamental II,2011,267.36,262.07,5.4905,0.877454,88.0,,,,,,82.1,85.9,85.0,100.0,4.8,4.6,Original,0.20000000000000018,Acima da meta,3,3,Básico,Básico
JOAO TIBURCIO SILVA FILHO PROF EMEF,Fundamental II,2013,260.67,250.42,5.184833,0.891078,89.9,,,,,,83.0,80.0,96.7,100.0,4.6,4.9,Original,-0.3000000000000007,Abaixo da meta,3,3,Básico,Básico
JOAO TIBURCIO SILVA FILHO PROF EMEF,Fundamental II,2015,253.55,249.72,5.0545,0.911746,90.8,,,,,,85.2,88.0,95.2,97.4,4.6,5.3,Original,-0.7000000000000002,Abaixo da meta,3,2,Básico,Básico
JOAO TIBURCIO SILVA FILHO PROF EMEF,Fundamental II,2017,251.57,247.28,4.980833,0.94731,94.6,,,,,,93.2,92.3,93.8,100.0,4.7,5.5,Original,-0.7999999999999998,Abaixo da meta,3,2,Básico,Básico
JOAO TIBURCIO SILVA FILHO PROF EMEF,Fundamental II,2019,285.1,268.32,5.890333,0.943829,94.4,,,,,,93.6,89.7,94.8,100.0,5.6,5.7,Original,-0.10000000000000053,Abaixo da meta,4,3,Básico,Básico
JOAO TIBURCIO SILVA FILHO PROF EMEF,Fundamental II,2021,,,,1.0,100.0,,,,,,100.0,100.0,100.0,100.0,,6.0,Original,,,,,,
JOAO TIBURCIO SILVA FILHO PROF EMEF,Fundamental II,2023,258.48,264.55,5.383833,0.985386,98.8,,,,,,100.0,100.0,94.4,100.0,5.3,6.0,Referência 2021,-0.7000000000000002,Abaixo da meta,3,3,Básico,Básico
JOAO TIBURCIO SILVA FILHO PROF EMEF,Fundamental II,2025,243.69,242.71,,0.973036,97.6,,,,,,100.0,95.1,94.4,100.0,4.6,6.0,Referência 2021,-1.4000000000000004,Abaixo da meta,2,2,Básico,Básico
JORGE AUGUSTO DE CAMARGO PROF EMEF,Fundamental I,2005,192.58,192.9,5.146497,0.927199,92.6,,93.5,93.8,87.8,96.2,,,,,4.8,,,,,3,3,Abaixo do básico,Básico
JORGE AUGUSTO DE CAMARGO PROF EMEF,Fundamental I,2007,206.01,187.35,5.301905,0.941299,94.3,100.0,93.4,89.0,92.3,96.7,,,,,5.0,4.8,Original,0.20000000000000018,Acima da meta,4,3,Básico,Básico
JORGE AUGUSTO DE CAMARGO PROF EMEF,Fundamental I,2009,212.96,194.54,5.565266,0.946235,94.2,100.0,87.2,96.6,94.3,96.0,,,,,5.3,5.2,Original,0.09999999999999964,Acima da meta,4,3,Básico,Básico
JORGE AUGUSTO DE CAMARGO PROF EMEF,Fundamental I,2011,220.99,203.7,5.885056,0.922277,92.7,100.0,87.4,93.3,96.8,85.3,,,,,5.4,5.5,Original,-0.09999999999999964,Abaixo da meta,4,4,Básico,Básico
JORGE AUGUSTO DE CAMARGO PROF EMEF,Fundamental I,2013,224.56,208.47,6.039913,0.928322,93.1,100.0,86.5,94.6,94.4,89.8,,,,,5.6,5.8,Original,-0.20000000000000018,Abaixo da meta,4,4,Básico,Básico
JORGE AUGUSTO DE CAMARGO PROF EMEF,Fundamental I,2015,221.15,216.42,6.119382,0.969738,97.0,100.0,98.9,95.3,96.5,94.4,,,,,5.9,6.1,Original,-0.1999999999999993,Abaixo da meta,4,4,Básico,Básico
JORGE AUGUSTO DE CAMARGO PROF EMEF,Fundamental I,2017,223.48,220.79,6.243302,0.94985,95.3,100.0,100.0,86.4,95.9,94.0,,,,,5.9,6.3,Original,-0.39999999999999947,Abaixo da meta,4,4,Básico,Adequado
JORGE AUGUSTO DE CAMARGO PROF EMEF,Fundamental I,2019,242.19,226.69,6.707636,0.980943,98.1,100.0,97.6,96.3,96.7,100.0,,,,,6.6,6.5,Original,0.09999999999999964,Acima da meta,5,5,Básico,Adequado
JORGE AUGUSTO DE CAMARGO PROF EMEF,Fundamental I,2021,216.66,199.58,5.727513,0.992084,99.3,100.0,100.0,98.8,100.0,97.3,,,,,5.7,6.8,Original,-1.0999999999999996,Abaixo da meta,4,3,Básico,Básico
JORGE AUGUSTO DE CAMARGO PROF EMEF,Fundamental I,2023,226.87,220.43,6.301451,0.965129,96.6,100.0,92.3,97.3,97.5,95.8,,,,,6.1,6.8,Referência 2021,-0.7000000000000002,Abaixo da meta,5,4,Básico,Adequado
JORGE AUGUSTO DE CAMARGO PROF EMEF,Fundamental I,2025,223.94,218.3,,0.992352,99.2,100.0,99.1,98.2,100.0,98.9,,,,,6.2,6.8,Referência 2021,-0.5999999999999996,Abaixo da meta,4,4,Básico,Básico
JORGE AUGUSTO DE CAMARGO PROF EMEF,Fundamental II,2005,,,,,,,,,,,,,,,,,,,,,,,
JORGE AUGUSTO DE CAMARGO PROF EMEF,Fundamental II,2007,,,,,,,,,,,,,,,,,Original,,,,,,
JORGE AUGUSTO DE CAMARGO PROF EMEF,Fundamental II,2009,,,,,,,,,,,,,,,,,Original,,,,,,
JORGE AUGUSTO DE CAMARGO PROF EMEF,Fundamental II,2011,252.89,251.8,5.078167,0.90224,91.0,,,,,,88.0,84.5,96.2,93.1,4.6,,Original,,,3,3,Básico,Básico
JORGE AUGUSTO DE CAMARGO PROF EMEF,Fundamental II,2013,253.42,246.02,4.990667,0.81798,81.9,,,,,,77.9,75.6,80.8,95.6,4.1,4.8,Original,-0.7000000000000002,Abaixo da meta,3,2,Básico,Básico
JORGE AUGUSTO DE CAMARGO PROF EMEF,Fundamental II,2015,265.3,271.27,5.6095,0.854154,85.1,,,,,,78.9,81.8,90.6,91.8,4.8,5.1,Original,-0.2999999999999998,Abaixo da meta,3,3,Básico,Básico
JORGE AUGUSTO DE CAMARGO PROF EMEF,Fundamental II,2017,279.5,281.46,6.016,0.891088,89.1,,,,,,83.0,94.2,87.7,92.4,5.4,5.3,Original,0.10000000000000053,Acima da meta,4,4,Básico,Adequado
JORGE AUGUSTO DE CAMARGO PROF EMEF,Fundamental II,2019,268.68,273.77,5.7075,0.991671,99.1,,,,,,97.9,98.8,100.0,100.0,5.7,5.6,Original,0.10000000000000053,Acima da meta,3,3,Básico,Básico
JORGE AUGUSTO DE CAMARGO PROF EMEF,Fundamental II,2021,,,,0.990367,99.0,,,,,,99.0,97.2,100.0,100.0,,5.8,Original,,,,,,
JORGE AUGUSTO DE CAMARGO PROF EMEF,Fundamental II,2023,255.95,271.39,5.455667,0.973834,97.6,,,,,,98.7,93.3,97.8,100.0,5.3,5.8,Referência 2021,-0.5,Abaixo da meta,3,3,Básico,Básico
JORGE AUGUSTO DE CAMARGO PROF EMEF,Fundamental II,2025,270.2,269.58,,0.979711,98.0,,,,,,98.1,97.7,98.9,97.2,5.5,5.8,Referência 2021,-0.2999999999999998,Abaixo da meta,3,3,Básico,Básico
JOSE DOMINGOS DA SILVEIRA PROF EMEF,Fundamental I,2005,,,,,,,,,,,,,,,,,,,,,,,
JOSE DOMINGOS DA SILVEIRA PROF EMEF,Fundamental I,2007,214.21,189.24,5.492757,0.978031,97.9,100.0,99.2,,,94.4,,,,,5.4,,Original,,,4,3,Básico,Básico
JOSE DOMINGOS DA SILVEIRA PROF EMEF,Fundamental I,2009,,,,0.948992,95.0,,95.1,95.1,94.5,,,,,,,5.6,Original,,,,,,
JOSE DOMINGOS DA SILVEIRA PROF EMEF,Fundamental I,2011,226.31,210.27,6.106037,0.947222,95.0,99.1,89.8,94.2,94.8,96.2,,,,,5.8,5.9,Original,-0.10000000000000053,Abaixo da meta,5,4,Básico,Básico
JOSE DOMINGOS DA SILVEIRA PROF EMEF,Fundamental I,2013,218.89,201.15,5.798616,0.934487,93.9,100.0,86.3,92.9,95.1,94.0,,,,,5.4,6.1,Original,-0.6999999999999993,Abaixo da meta,4,4,Básico,Básico
JOSE DOMINGOS DA SILVEIRA PROF EMEF,Fundamental I,2015,226.39,219.66,6.278291,0.982125,98.1,100.0,100.0,95.8,97.1,98.3,,,,,6.2,6.3,Original,-0.09999999999999964,Abaixo da meta,5,4,Básico,Adequado
JOSE DOMINGOS DA SILVEIRA PROF EMEF,Fundamental I,2017,236.24,227.15,6.60245,0.975738,97.4,100.0,99.0,96.0,96.2,96.8,,,,,6.4,6.5,Original,-0.09999999999999964,Abaixo da meta,5,5,Básico,Adequado
JOSE DOMINGOS DA SILVEIRA PROF EMEF,Fundamental I,2019,246.86,225.0,6.766031,0.991946,99.2,100.0,100.0,99.1,98.1,98.8,,,,,6.7,6.8,Original,-0.09999999999999964,Abaixo da meta,5,5,Adequado,Adequado
JOSE DOMINGOS DA SILVEIRA PROF EMEF,Fundamental I,2021,228.89,218.96,6.313273,1.0,100.0,100.0,100.0,100.0,100.0,100.0,,,,,6.3,7.0,Original,-0.7000000000000002,Abaixo da meta,5,4,Básico,Básico
JOSE DOMINGOS DA SILVEIRA PROF EMEF,Fundamental I,2023,211.26,208.45,5.785732,0.993103,99.2,100.0,100.0,100.0,99.1,97.5,,,,,5.7,7.0,Referência 2021,-1.2999999999999998,Abaixo da meta,4,4,Básico,Básico
JOSE DOMINGOS DA SILVEIRA PROF EMEF,Fundamental I,2025,225.26,199.41,,0.98462,98.4,98.0,100.0,97.8,100.0,96.6,,,,,5.8,7.0,Referência 2021,-1.2000000000000002,Abaixo da meta,5,3,Básico,Básico
JOSE DOMINGOS DA SILVEIRA PROF EMEF,Fundamental II,2005,225.2,213.53,3.978954,0.969313,97.3,,,,,,100.0,96.6,97.1,94.2,3.9,,,,,2,1,Básico,Abaixo do básico
JOSE DOMINGOS DA SILVEIRA PROF EMEF,Fundamental II,2007,249.3,242.09,4.8565,0.974116,97.4,,,,,,95.5,,97.8,99.0,4.7,3.9,Original,0.8000000000000003,Acima da meta,2,2,Básico,Básico
JOSE DOMINGOS DA SILVEIRA PROF EMEF,Fundamental II,2009,,,,,,,,,,,,,,,,4.0,Original,,,,,,
JOSE DOMINGOS DA SILVEIRA PROF EMEF,Fundamental II,2011,,,,0.963,96.3,,,,,,96.3,,,,,4.3,Original,,,,,,
JOSE DOMINGOS DA SILVEIRA PROF EMEF,Fundamental II,2013,,,,0.948858,94.8,,,,,,91.1,99.0,,,,4.7,Original,,,,,,
JOSE DOMINGOS DA SILVEIRA PROF EMEF,Fundamental II,2015,,,,0.958337,96.1,,,,,,97.1,94.6,,,,5.1,Original,,,,,,
JOSE DOMINGOS DA SILVEIRA PROF EMEF,Fundamental II,2017,,,,0.931208,92.9,,,,,,91.5,94.8,,,,5.3,Original,,,,,,
JOSE DOMINGOS DA SILVEIRA PROF EMEF,Fundamental II,2019,270.1,282.7,5.88,0.961123,95.9,,,,,,95.8,95.8,93.1,100.0,5.7,5.6,Original,0.10000000000000053,Acima da meta,3,4,Básico,Adequado
JOSE DOMINGOS DA SILVEIRA PROF EMEF,Fundamental II,2021,253.31,266.83,5.335667,0.997481,99.7,,,,,,100.0,99.0,100.0,100.0,5.3,5.8,Original,-0.5,Abaixo da meta,3,3,Básico,Básico
JOSE DOMINGOS DA SILVEIRA PROF EMEF,Fundamental II,2023,253.61,247.47,5.018,0.994975,99.5,,,,,,99.0,99.0,100.0,100.0,5.0,5.8,Referência 2021,-0.7999999999999998,Abaixo da meta,3,2,Básico,Básico
JOSE DOMINGOS DA SILVEIRA PROF EMEF,Fundamental II,2025,243.07,254.73,,0.970133,97.0,,,,,,97.2,94.0,99.0,98.0,4.8,5.8,Referência 2021,-1.0,Abaixo da meta,2,3,Básico,Básico
JOSE EMIDIO DE AGUIAR EMEIEF,Fundamental I,2005,199.28,196.56,5.34101,0.928033,92.8,,95.0,93.1,91.2,92.0,,,,,5.0,,,,,3,3,Abaixo do básico,Básico
JOSE EMIDIO DE AGUIAR EMEIEF,Fundamental I,2007,210.97,195.76,5.549471,0.946139,95.0,100.0,91.0,94.2,90.6,98.0,,,,,5.3,5.0,Original,0.2999999999999998,Acima da meta,4,3,Básico,Básico
JOSE EMIDIO DE AGUIAR EMEIEF,Fundamental I,2009,225.11,202.18,5.936045,0.928111,93.1,99.4,87.3,89.4,91.7,97.4,,,,,5.5,5.3,Original,0.20000000000000018,Acima da meta,5,4,Básico,Básico
JOSE EMIDIO DE AGUIAR EMEIEF,Fundamental I,2011,234.89,219.75,6.442141,0.951556,95.1,99.4,89.6,93.7,96.0,97.7,,,,,6.1,5.7,Original,0.39999999999999947,Acima da meta,5,4,Básico,Adequado
JOSE EMIDIO DE AGUIAR EMEIEF,Fundamental I,2013,243.02,229.5,6.774566,0.95536,95.3,98.7,91.1,93.1,96.1,99.2,,,,,6.5,6.0,Original,0.5,Acima da meta,5,5,Básico,Adequado
JOSE EMIDIO DE AGUIAR EMEIEF,Fundamental I,2015,244.94,242.93,7.055389,0.973564,97.4,100.0,98.6,94.1,96.2,98.1,,,,,6.9,6.2,Original,0.7000000000000002,Acima da meta,5,5,Adequado,Adequado
JOSE EMIDIO DE AGUIAR EMEIEF,Fundamental I,2017,256.54,248.0,7.368945,0.984528,98.4,100.0,100.0,96.5,96.5,99.4,,,,,7.3,6.4,Original,0.8999999999999995,Acima da meta,6,5,Adequado,Adequado
JOSE EMIDIO DE AGUIAR EMEIEF,Fundamental I,2019,256.78,248.91,7.390071,0.987071,98.7,100.0,98.2,97.1,98.3,100.0,,,,,7.3,6.7,Original,0.5999999999999996,Acima da meta,6,5,Adequado,Adequado
JOSE EMIDIO DE AGUIAR EMEIEF,Fundamental I,2021,,,,0.995165,99.5,100.0,100.0,98.9,100.0,98.7,,,,,,6.9,Original,,,,,,
JOSE EMIDIO DE AGUIAR EMEIEF,Fundamental I,2023,251.45,236.24,7.05799,0.995989,99.6,100.0,100.0,99.4,99.4,99.2,,,,,7.0,6.9,Referência 2021,0.09999999999999964,Acima da meta,6,5,Adequado,Adequado
JOSE EMIDIO DE AGUIAR EMEIEF,Fundamental I,2025,248.55,235.35,,0.993564,99.3,100.0,98.4,100.0,99.2,99.2,,,,,6.9,6.9,Referência 2021,0.0,Atingiu a meta,5,5,Adequado,Adequado
JOSE LEANDRO DE BARROS PIMENTEL EMEF,Fundamental I,2005,192.09,191.83,5.117682,0.877186,87.6,,88.3,88.6,87.2,86.8,,,,,4.5,,,,,3,3,Abaixo do básico,Básico
JOSE LEANDRO DE BARROS PIMENTEL EMEF,Fundamental I,2007,207.4,192.14,5.415523,0.939267,94.3,100.0,93.4,92.0,92.2,92.5,,,,,5.1,4.6,Original,0.5,Acima da meta,4,3,Básico,Básico
JOSE LEANDRO DE BARROS PIMENTEL EMEF,Fundamental I,2009,200.36,184.45,5.141353,0.921845,91.8,98.8,86.1,93.6,88.9,94.6,,,,,4.7,4.9,Original,-0.20000000000000018,Abaixo da meta,4,3,Abaixo do básico,Básico
JOSE LEANDRO DE BARROS PIMENTEL EMEF,Fundamental I,2011,226.8,215.28,6.206479,0.894327,89.1,99.0,82.5,89.9,89.4,87.9,,,,,5.6,5.3,Original,0.2999999999999998,Acima da meta,5,4,Básico,Básico
JOSE LEANDRO DE BARROS PIMENTEL EMEF,Fundamental I,2013,221.42,209.87,6.005443,0.876361,86.8,98.5,82.2,92.5,80.7,86.7,,,,,5.3,5.5,Original,-0.20000000000000018,Abaixo da meta,4,4,Básico,Básico
JOSE LEANDRO DE BARROS PIMENTEL EMEF,Fundamental I,2015,227.38,223.67,6.370093,0.911998,92.1,98.9,100.0,80.9,84.4,95.2,,,,,5.8,5.8,Original,0.0,Atingiu a meta,5,4,Básico,Adequado
JOSE LEANDRO DE BARROS PIMENTEL EMEF,Fundamental I,2017,216.81,214.76,6.006375,0.982676,98.3,100.0,100.0,96.2,99.2,96.1,,,,,5.9,6.1,Original,-0.1999999999999993,Abaixo da meta,4,4,Básico,Básico
JOSE LEANDRO DE BARROS PIMENTEL EMEF,Fundamental I,2019,,,,0.943603,94.3,100.0,92.5,90.1,93.6,96.2,,,,,,6.3,Original,,,,,,
JOSE LEANDRO DE BARROS PIMENTEL EMEF,Fundamental I,2021,222.29,217.25,6.156228,1.0,100.0,100.0,100.0,100.0,100.0,100.0,,,,,6.2,6.6,Original,-0.39999999999999947,Abaixo da meta,4,4,Básico,Básico
JOSE LEANDRO DE BARROS PIMENTEL EMEF,Fundamental I,2023,228.55,219.73,6.320785,0.968851,96.8,99.2,96.6,96.8,95.7,96.2,,,,,6.1,6.6,Referência 2021,-0.5,Abaixo da meta,5,4,Básico,Adequado
JOSE LEANDRO DE BARROS PIMENTEL EMEF,Fundamental I,2025,226.86,210.91,,0.990692,99.0,100.0,99.3,100.0,97.2,98.9,,,,,6.1,6.6,Referência 2021,-0.5,Abaixo da meta,5,4,Básico,Básico
JOSE LEANDRO DE BARROS PIMENTEL EMEF,Fundamental II,2005,,,,,,,,,,,,,,,,,,,,,,,
JOSE LEANDRO DE BARROS PIMENTEL EMEF,Fundamental II,2007,,,,,,,,,,,,,,,,,Original,,,,,,
JOSE LEANDRO DE BARROS PIMENTEL EMEF,Fundamental II,2009,,,,,,,,,,,,,,,,,Original,,,,,,
JOSE LEANDRO DE BARROS PIMENTEL EMEF,Fundamental II,2011,265.21,265.78,5.5165,0.870593,86.8,,,,,,86.2,85.9,88.9,87.3,4.8,,Original,,,3,3,Básico,Básico
JOSE LEANDRO DE BARROS PIMENTEL EMEF,Fundamental II,2013,250.99,242.08,4.8845,0.921705,90.9,,,,,,96.2,84.6,92.7,96.2,4.5,5.0,Original,-0.5,Abaixo da meta,3,2,Básico,Básico
JOSE LEANDRO DE BARROS PIMENTEL EMEF,Fundamental II,2015,268.4,264.83,5.553833,0.910796,91.7,,,,,,89.6,86.5,89.8,99.4,5.1,5.3,Original,-0.20000000000000018,Abaixo da meta,3,3,Básico,Básico
JOSE LEANDRO DE BARROS PIMENTEL EMEF,Fundamental II,2017,270.07,268.17,5.637333,0.916974,92.5,,,,,,82.5,94.9,92.5,98.5,5.2,5.5,Original,-0.2999999999999998,Abaixo da meta,3,3,Básico,Básico
JOSE LEANDRO DE BARROS PIMENTEL EMEF,Fundamental II,2019,,,,,,,,,,,,,,,,5.8,Original,,,,,,
JOSE LEANDRO DE BARROS PIMENTEL EMEF,Fundamental II,2021,248.57,255.47,5.067333,0.996973,99.8,,,,,,100.0,100.0,100.0,98.8,5.1,6.0,Original,-0.9000000000000004,Abaixo da meta,2,3,Básico,Básico
JOSE LEANDRO DE BARROS PIMENTEL EMEF,Fundamental II,2023,253.11,260.76,5.231167,0.956396,95.6,,,,,,96.6,93.5,94.4,98.2,5.0,6.0,Referência 2021,-1.0,Abaixo da meta,3,3,Básico,Básico
JOSE LEANDRO DE BARROS PIMENTEL EMEF,Fundamental II,2025,243.62,244.53,,0.982335,98.2,,,,,,98.8,97.6,96.6,100.0,4.7,6.0,Referência 2021,-1.2999999999999998,Abaixo da meta,2,2,Básico,Básico
JULIO GOMES CAMISAO EMEF,Fundamental I,2005,,,,,,,,,,,,,,,,,,,,,,,
JULIO GOMES CAMISAO EMEF,Fundamental I,2007,,,,,,,,,,,,,,,,,Original,,,,,,
JULIO GOMES CAMISAO EMEF,Fundamental I,2009,,,,,,,,,,,,,,,,,Original,,,,,,
JULIO GOMES CAMISAO EMEF,Fundamental I,2011,218.95,208.17,5.927397,0.961299,96.3,100.0,90.6,96.2,95.8,98.6,,,,,5.7,,Original,,,4,4,Básico,Básico
JULIO GOMES CAMISAO EMEF,Fundamental I,2013,223.66,211.67,6.080919,0.913179,91.5,100.0,89.9,86.0,88.8,93.1,,,,,5.6,5.9,Original,-0.3000000000000007,Abaixo da meta,4,4,Básico,Básico
JULIO GOMES CAMISAO EMEF,Fundamental I,2015,222.9,221.81,6.250779,0.984324,98.3,100.0,99.0,94.3,100.0,99.1,,,,,6.2,6.2,Original,0.0,Atingiu a meta,4,4,Básico,Adequado
JULIO GOMES CAMISAO EMEF,Fundamental I,2017,222.39,216.49,6.144319,0.936693,93.5,100.0,100.0,87.1,93.9,88.9,,,,,5.8,6.4,Original,-0.6000000000000005,Abaixo da meta,4,4,Básico,Básico
JULIO GOMES CAMISAO EMEF,Fundamental I,2019,262.24,236.18,7.262815,0.97777,97.9,100.0,92.5,99.0,100.0,97.8,,,,,7.1,6.6,Original,0.5,Acima da meta,6,5,Adequado,Adequado
JULIO GOMES CAMISAO EMEF,Fundamental I,2021,228.58,221.0,6.344448,0.99778,99.8,100.0,100.0,100.0,100.0,98.9,,,,,6.3,6.9,Original,-0.6000000000000005,Abaixo da meta,5,4,Básico,Adequado
JULIO GOMES CAMISAO EMEF,Fundamental I,2023,224.19,218.03,6.20667,0.982121,98.3,100.0,98.0,97.6,100.0,95.6,,,,,6.1,6.9,Referência 2021,-0.8000000000000007,Abaixo da meta,4,4,Básico,Básico
JULIO GOMES CAMISAO EMEF,Fundamental I,2025,231.34,223.4,,0.977819,97.7,100.0,97.6,97.8,95.8,97.8,,,,,6.3,6.9,Referência 2021,-0.6000000000000005,Abaixo da meta,5,4,Básico,Adequado
JULIO GOMES CAMISAO EMEF,Fundamental II,2005,239.69,228.57,4.471033,0.86936,88.0,,,,,,88.3,93.8,85.4,81.2,3.9,,,,,2,2,Básico,Básico
JULIO GOMES CAMISAO EMEF,Fundamental II,2007,252.08,236.75,4.813833,0.90019,91.2,,,,,,86.5,94.6,87.1,92.4,4.3,3.9,Original,0.3999999999999999,Acima da meta,3,2,Básico,Básico
JULIO GOMES CAMISAO EMEF,Fundamental II,2009,,,,0.945487,94.5,,,,,,94.9,94.2,,,,4.1,Original,,,,,,
JULIO GOMES CAMISAO EMEF,Fundamental II,2011,267.04,264.12,5.519333,0.901853,90.6,,,,,,,84.9,89.3,97.2,5.0,4.3,Original,0.7000000000000002,Acima da meta,3,3,Básico,Básico
JULIO GOMES CAMISAO EMEF,Fundamental II,2013,244.09,228.82,4.5485,0.898591,90.5,,,,,,81.3,91.9,,98.0,4.1,4.7,Original,-0.6000000000000005,Abaixo da meta,2,2,Básico,Básico
JULIO GOMES CAMISAO EMEF,Fundamental II,2015,270.33,265.65,5.599667,0.913926,91.4,,,,,,90.5,86.9,90.1,98.9,5.1,5.1,Original,0.0,Atingiu a meta,3,3,Básico,Básico
JULIO GOMES CAMISAO EMEF,Fundamental II,2017,261.37,272.44,5.5635,0.906558,89.9,,,,,,85.9,90.1,88.8,98.8,5.0,5.4,Original,-0.40000000000000036,Abaixo da meta,3,3,Básico,Básico
JULIO GOMES CAMISAO EMEF,Fundamental II,2019,267.07,272.83,5.665,0.986138,98.5,,,,,,100.0,97.1,98.4,99.0,5.6,5.6,Original,0.0,Atingiu a meta,3,3,Básico,Básico
JULIO GOMES CAMISAO EMEF,Fundamental II,2021,246.37,256.91,5.054667,1.0,100.0,,,,,,100.0,100.0,100.0,100.0,5.1,5.8,Original,-0.7000000000000002,Abaixo da meta,2,3,Básico,Básico
JULIO GOMES CAMISAO EMEF,Fundamental II,2023,262.3,266.22,5.475333,0.967051,96.6,,,,,,97.1,98.0,93.3,98.6,5.3,5.8,Referência 2021,-0.5,Abaixo da meta,3,3,Básico,Básico
JULIO GOMES CAMISAO EMEF,Fundamental II,2025,241.85,247.05,,0.982327,98.1,,,,,,97.2,96.8,99.0,100.0,4.7,5.8,Referência 2021,-1.0999999999999996,Abaixo da meta,2,2,Básico,Básico
LENIO VIEIRA DE MORAES PROF EMEF,Fundamental I,2005,,,,,,,,,,,,,,,,,,,,,,,
LENIO VIEIRA DE MORAES PROF EMEF,Fundamental I,2007,,,,,,,,,,,,,,,,,Original,,,,,,
LENIO VIEIRA DE MORAES PROF EMEF,Fundamental I,2009,,,,,,,,,,,,,,,,,Original,,,,,,
LENIO VIEIRA DE MORAES PROF EMEF,Fundamental I,2011,214.35,186.98,5.454338,0.988055,99.2,100.0,100.0,100.0,100.0,94.3,,,,,5.4,,Original,,,4,3,Básico,Básico
LENIO VIEIRA DE MORAES PROF EMEF,Fundamental I,2013,210.2,194.95,5.520049,0.919851,91.6,100.0,87.8,90.3,85.4,98.2,,,,,5.1,5.6,Original,-0.5,Abaixo da meta,4,3,Básico,Básico
LENIO VIEIRA DE MORAES PROF EMEF,Fundamental I,2015,227.93,214.35,6.211135,0.94418,94.6,100.0,98.8,88.0,93.4,92.9,,,,,5.9,5.9,Original,0.0,Atingiu a meta,5,4,Básico,Básico
LENIO VIEIRA DE MORAES PROF EMEF,Fundamental I,2017,218.9,217.31,6.092625,0.943111,94.2,100.0,95.5,86.5,93.4,97.3,,,,,5.7,6.1,Original,-0.39999999999999947,Abaixo da meta,4,4,Básico,Básico
LENIO VIEIRA DE MORAES PROF EMEF,Fundamental I,2019,234.24,212.9,6.305191,0.954493,95.7,100.0,98.8,94.5,95.4,89.3,,,,,6.0,6.4,Original,-0.40000000000000036,Abaixo da meta,5,4,Básico,Básico
LENIO VIEIRA DE MORAES PROF EMEF,Fundamental I,2021,233.99,230.64,6.622965,0.990879,99.1,100.0,100.0,100.0,95.6,100.0,,,,,6.6,6.6,Original,0.0,Atingiu a meta,5,5,Básico,Adequado
LENIO VIEIRA DE MORAES PROF EMEF,Fundamental I,2023,,,,,,,,,,,,,,,,6.6,Referência 2021,,,,,,
LENIO VIEIRA DE MORAES PROF EMEF,Fundamental I,2025,,,,,,,,,,,,,,,,6.6,Referência 2021,,,,,,
LENIO VIEIRA DE MORAES PROF EMEF,Fundamental II,2005,247.43,222.83,4.504193,0.915816,91.5,,,,,,91.0,89.9,93.4,92.1,4.1,,,,,2,1,Básico,Abaixo do básico
LENIO VIEIRA DE MORAES PROF EMEF,Fundamental II,2007,242.75,228.73,4.524667,0.787504,78.9,,,,,,71.7,84.6,87.0,73.9,3.6,4.2,Original,-0.6000000000000001,Abaixo da meta,2,2,Básico,Básico
LENIO VIEIRA DE MORAES PROF EMEF,Fundamental II,2009,239.99,234.77,4.579333,0.940828,93.9,,,,,,95.5,90.8,94.5,95.7,4.3,4.3,Original,0.0,Atingiu a meta,2,2,Básico,Básico
LENIO VIEIRA DE MORAES PROF EMEF,Fundamental II,2011,246.87,240.62,4.7915,0.909704,90.7,,,,,,94.2,87.5,86.4,96.6,4.4,4.6,Original,-0.1999999999999993,Abaixo da meta,2,2,Básico,Básico
LENIO VIEIRA DE MORAES PROF EMEF,Fundamental II,2013,243.14,237.12,4.671,0.821587,82.8,,,,,,84.6,78.7,80.5,85.2,3.8,5.0,Original,-1.2000000000000002,Abaixo da meta,2,2,Básico,Básico
LENIO VIEIRA DE MORAES PROF EMEF,Fundamental II,2015,259.06,242.81,5.031167,0.883238,89.1,,,,,,92.2,78.3,93.2,91.4,4.4,5.3,Original,-0.8999999999999995,Abaixo da meta,3,2,Básico,Básico
LENIO VIEIRA DE MORAES PROF EMEF,Fundamental II,2017,263.63,259.53,5.386,0.842591,84.2,,,,,,80.0,80.0,88.5,89.5,4.5,5.6,Original,-1.0999999999999996,Abaixo da meta,3,3,Básico,Básico
LENIO VIEIRA DE MORAES PROF EMEF,Fundamental II,2019,263.58,262.26,5.430667,0.938893,94.0,,,,,,96.9,87.8,97.4,94.1,5.1,5.8,Original,-0.7000000000000002,Abaixo da meta,3,3,Básico,Básico
LENIO VIEIRA DE MORAES PROF EMEF,Fundamental II,2021,,,,0.974975,97.6,,,,,,98.9,98.6,97.8,94.8,,6.1,Original,,,,,,
LENIO VIEIRA DE MORAES PROF EMEF,Fundamental II,2023,,,,,,,,,,,,,,,,6.1,Referência 2021,,,,,,
LENIO VIEIRA DE MORAES PROF EMEF,Fundamental II,2025,,,,,,,,,,,,,,,,6.1,Referência 2021,,,,,,
LEONOR MENDES DE BARROS EMEF,Fundamental I,2005,209.41,206.44,5.713861,0.959689,96.4,,98.8,90.9,96.2,98.4,,,,,5.5,,,,,4,4,Básico,Básico
LEONOR MENDES DE BARROS EMEF,Fundamental I,2007,225.06,214.18,6.153273,0.991427,99.1,,,,98.3,100.0,,,,,6.1,5.5,Original,0.5999999999999996,Acima da meta,5,4,Básico,Básico
LEONOR MENDES DE BARROS EMEF,Fundamental I,2009,,,,,,,,,,,,,,,,5.8,Original,,,,,,
LEONOR MENDES DE BARROS EMEF,Fundamental I,2011,,,,,,,,,,,,,,,,6.2,Original,,,,,,
LEONOR MENDES DE BARROS EMEF,Fundamental I,2013,,,,,,,,,,,,,,,,6.4,Original,,,,,,
LEONOR MENDES DE BARROS EMEF,Fundamental I,2015,,,,,,,,,,,,,,,,6.6,Original,,,,,,
LEONOR MENDES DE BARROS EMEF,Fundamental I,2017,,,,,,,,,,,,,,,,6.9,Original,,,,,,
LEONOR MENDES DE BARROS EMEF,Fundamental I,2019,,,,,,,,,,,,,,,,7.1,Original,,,,,,
LEONOR MENDES DE BARROS EMEF,Fundamental I,2021,,,,,,,,,,,,,,,,7.3,Original,,,,,,
LEONOR MENDES DE BARROS EMEF,Fundamental I,2023,,,,,,,,,,,,,,,,7.3,Referência 2021,,,,,,
LEONOR MENDES DE BARROS EMEF,Fundamental I,2025,,,,,,,,,,,,,,,,7.3,Referência 2021,,,,,,
LEONOR MENDES DE BARROS EMEF,Fundamental II,2005,268.83,254.64,5.391206,0.975912,97.6,,,,,,97.1,96.9,97.2,99.2,5.3,,,,,3,3,Básico,Básico
LEONOR MENDES DE BARROS EMEF,Fundamental II,2007,264.96,252.6,5.292667,0.947312,95.8,,,,,,90.2,99.7,94.8,94.7,5.0,5.3,Original,-0.2999999999999998,Abaixo da meta,3,3,Básico,Básico
LEONOR MENDES DE BARROS EMEF,Fundamental II,2009,269.03,263.22,5.5375,0.949654,95.2,,,,,,94.7,93.6,95.4,96.2,5.3,5.4,Original,-0.10000000000000053,Abaixo da meta,3,3,Básico,Básico
LEONOR MENDES DE BARROS EMEF,Fundamental II,2011,277.4,274.3,5.861667,0.978898,98.0,,,,,,,,96.9,98.9,5.7,5.7,Original,0.0,Atingiu a meta,4,3,Básico,Adequado
LEONOR MENDES DE BARROS EMEF,Fundamental II,2013,250.75,252.35,5.051667,0.901035,89.9,,,,,,90.7,85.5,93.5,91.1,4.6,6.0,Original,-1.4000000000000004,Abaixo da meta,3,3,Básico,Básico
LEONOR MENDES DE BARROS EMEF,Fundamental II,2015,,,,,,,,,,,,,,,,6.3,Original,,,,,,
LEONOR MENDES DE BARROS EMEF,Fundamental II,2017,,,,,,,,,,,,,,,,6.5,Original,,,,,,
LEONOR MENDES DE BARROS EMEF,Fundamental II,2019,,,,,,,,,,,,,,,,6.7,Original,,,,,,
LEONOR MENDES DE BARROS EMEF,Fundamental II,2021,,,,,,,,,,,,,,,,6.9,Original,,,,,,
LEONOR MENDES DE BARROS EMEF,Fundamental II,2023,,,,,,,,,,,,,,,,6.9,Referência 2021,,,,,,
LEONOR MENDES DE BARROS EMEF,Fundamental II,2025,,,,,,,,,,,,,,,,6.9,Referência 2021,,,,,,
LEVY GONCALVES DE OLIVEIRA EMEF,Fundamental I,2005,190.58,186.36,4.989509,0.905954,90.5,,92.6,89.8,91.7,88.4,,,,,4.5,,,,,3,3,Abaixo do básico,Básico
LEVY GONCALVES DE OLIVEIRA EMEF,Fundamental I,2007,207.44,191.92,5.412286,0.932938,93.3,100.0,90.2,91.7,91.3,93.9,,,,,5.0,4.6,Original,0.40000000000000036,Acima da meta,4,3,Básico,Básico
LEVY GONCALVES DE OLIVEIRA EMEF,Fundamental I,2009,216.19,201.59,5.755089,0.926852,92.6,100.0,90.4,91.8,88.8,93.2,,,,,5.3,4.9,Original,0.39999999999999947,Acima da meta,4,4,Básico,Básico
LEVY GONCALVES DE OLIVEIRA EMEF,Fundamental I,2011,223.2,203.47,5.923049,0.930986,92.8,100.0,88.3,91.1,94.5,92.4,,,,,5.5,5.3,Original,0.20000000000000018,Acima da meta,4,4,Básico,Básico
LEVY GONCALVES DE OLIVEIRA EMEF,Fundamental I,2013,213.47,201.96,5.709908,0.889585,89.0,99.3,88.8,81.3,89.1,88.1,,,,,5.1,5.6,Original,-0.5,Abaixo da meta,4,4,Básico,Básico
LEVY GONCALVES DE OLIVEIRA EMEF,Fundamental I,2015,231.11,224.38,6.454185,0.963567,96.1,99.2,100.0,92.3,95.0,95.7,,,,,6.2,5.8,Original,0.40000000000000036,Acima da meta,5,4,Básico,Adequado
LEVY GONCALVES DE OLIVEIRA EMEF,Fundamental I,2017,224.66,227.11,6.38073,0.974908,97.6,100.0,98.3,96.5,95.0,97.8,,,,,6.2,6.1,Original,0.10000000000000053,Acima da meta,4,5,Básico,Adequado
LEVY GONCALVES DE OLIVEIRA EMEF,Fundamental I,2019,234.77,226.08,6.554942,0.977939,97.9,100.0,96.4,94.4,99.2,99.2,,,,,6.4,6.3,Original,0.10000000000000053,Acima da meta,5,5,Básico,Adequado
LEVY GONCALVES DE OLIVEIRA EMEF,Fundamental I,2021,216.82,212.2,5.960021,1.0,100.0,100.0,100.0,100.0,100.0,100.0,,,,,6.0,6.6,Original,-0.5999999999999996,Abaixo da meta,4,4,Básico,Básico
LEVY GONCALVES DE OLIVEIRA EMEF,Fundamental I,2023,223.05,211.32,6.062914,0.987983,98.9,100.0,99.4,96.1,100.0,98.6,,,,,6.0,6.6,Referência 2021,-0.5999999999999996,Abaixo da meta,4,4,Básico,Básico
LEVY GONCALVES DE OLIVEIRA EMEF,Fundamental I,2025,223.66,209.29,,0.996785,99.7,100.0,100.0,99.2,100.0,99.2,,,,,6.0,6.6,Referência 2021,-0.5999999999999996,Abaixo da meta,4,4,Básico,Básico
LEVY GONCALVES DE OLIVEIRA EMEF,Fundamental II,2005,,,,,,,,,,,,,,,,,,,,,,,
LEVY GONCALVES DE OLIVEIRA EMEF,Fundamental II,2007,,,,,,,,,,,,,,,,,Original,,,,,,
LEVY GONCALVES DE OLIVEIRA EMEF,Fundamental II,2009,,,,,,,,,,,,,,,,,Original,,,,,,
LEVY GONCALVES DE OLIVEIRA EMEF,Fundamental II,2011,268.33,253.87,5.37,0.963029,96.2,,,,,,95.3,97.9,97.6,94.5,5.2,,Original,,,3,3,Básico,Básico
LEVY GONCALVES DE OLIVEIRA EMEF,Fundamental II,2013,240.71,240.01,4.678667,0.921639,92.6,,,,,,94.9,87.6,92.9,93.6,4.3,5.4,Original,-1.1000000000000005,Abaixo da meta,2,2,Básico,Básico
LEVY GONCALVES DE OLIVEIRA EMEF,Fundamental II,2015,273.77,264.74,5.641833,0.925249,92.2,,,,,,92.9,87.2,91.5,99.3,5.2,5.6,Original,-0.39999999999999947,Abaixo da meta,3,3,Básico,Básico
LEVY GONCALVES DE OLIVEIRA EMEF,Fundamental II,2017,269.94,274.33,5.737833,0.960188,96.1,,,,,,96.7,93.0,95.2,99.4,5.5,5.9,Original,-0.40000000000000036,Abaixo da meta,3,3,Básico,Adequado
LEVY GONCALVES DE OLIVEIRA EMEF,Fundamental II,2019,276.95,275.87,5.880333,0.968835,97.0,,,,,,94.4,97.0,96.3,100.0,5.7,6.1,Original,-0.39999999999999947,Abaixo da meta,4,4,Básico,Adequado
LEVY GONCALVES DE OLIVEIRA EMEF,Fundamental II,2021,257.75,270.02,5.462833,1.0,100.0,,,,,,100.0,100.0,100.0,100.0,5.5,6.3,Original,-0.7999999999999998,Abaixo da meta,3,3,Básico,Básico
LEVY GONCALVES DE OLIVEIRA EMEF,Fundamental II,2023,,,,0.974942,97.5,,,,,,98.3,96.8,96.7,98.2,,6.3,Referência 2021,,,,,,
LEVY GONCALVES DE OLIVEIRA EMEF,Fundamental II,2025,248.96,255.94,,1.0,100.0,,,,,,100.0,100.0,100.0,100.0,5.1,6.3,Referência 2021,-1.2000000000000002,Abaixo da meta,2,3,Básico,Básico
LUIZ DE OLIVEIRA ANDRADE PADRE EMEF,Fundamental I,2005,,,,,,,,,,,,,,,,,,,,,,,
LUIZ DE OLIVEIRA ANDRADE PADRE EMEF,Fundamental I,2007,203.93,192.7,5.359483,0.969214,96.7,100.0,100.0,,,91.3,,,,,5.2,,Original,,,4,3,Abaixo do básico,Básico
LUIZ DE OLIVEIRA ANDRADE PADRE EMEF,Fundamental I,2009,,,,0.946141,93.9,100.0,90.9,93.4,,,,,,,,5.4,Original,,,,,,
LUIZ DE OLIVEIRA ANDRADE PADRE EMEF,Fundamental I,2011,228.73,215.13,6.240584,0.980659,98.1,100.0,97.4,97.9,96.5,98.6,,,,,6.1,5.7,Original,0.39999999999999947,Acima da meta,5,4,Básico,Básico
LUIZ DE OLIVEIRA ANDRADE PADRE EMEF,Fundamental I,2013,217.34,198.64,5.723399,0.958852,95.8,100.0,93.2,91.3,96.6,98.9,,,,,5.5,5.9,Original,-0.40000000000000036,Abaixo da meta,4,3,Básico,Básico
LUIZ DE OLIVEIRA ANDRADE PADRE EMEF,Fundamental I,2015,231.01,222.5,6.418095,0.981984,98.1,100.0,100.0,97.2,97.1,96.8,,,,,6.3,6.2,Original,0.09999999999999964,Acima da meta,5,4,Básico,Adequado
LUIZ DE OLIVEIRA ANDRADE PADRE EMEF,Fundamental I,2017,227.36,224.98,6.393529,0.968761,97.0,97.8,99.0,93.9,98.8,95.1,,,,,6.2,6.4,Original,-0.20000000000000018,Abaixo da meta,5,4,Básico,Adequado
LUIZ DE OLIVEIRA ANDRADE PADRE EMEF,Fundamental I,2019,,,,0.946277,94.7,100.0,94.7,90.2,96.0,92.8,,,,,,6.6,Original,,,,,,
LUIZ DE OLIVEIRA ANDRADE PADRE EMEF,Fundamental I,2021,223.52,224.81,6.317156,1.0,100.0,100.0,100.0,100.0,100.0,100.0,,,,,6.3,6.8,Original,-0.5,Abaixo da meta,4,4,Básico,Adequado
LUIZ DE OLIVEIRA ANDRADE PADRE EMEF,Fundamental I,2023,223.36,217.53,6.181739,0.973685,97.5,98.9,98.9,99.1,93.3,96.9,,,,,6.0,6.8,Referência 2021,-0.7999999999999998,Abaixo da meta,4,4,Básico,Básico
LUIZ DE OLIVEIRA ANDRADE PADRE EMEF,Fundamental I,2025,235.66,217.8,,0.941367,94.1,94.9,93.3,94.5,94.2,93.8,,,,,6.0,6.8,Referência 2021,-0.7999999999999998,Abaixo da meta,5,4,Básico,Básico
LUIZ DE OLIVEIRA ANDRADE PADRE EMEF,Fundamental II,2005,244.63,230.93,4.592728,0.914806,90.7,,,,,,92.3,89.6,91.0,93.1,4.2,,,,,2,2,Básico,Básico
LUIZ DE OLIVEIRA ANDRADE PADRE EMEF,Fundamental II,2007,244.49,233.9,4.639833,0.941965,94.2,,,,,,93.4,94.5,,94.7,4.4,4.2,Original,0.20000000000000018,Acima da meta,2,2,Básico,Básico
LUIZ DE OLIVEIRA ANDRADE PADRE EMEF,Fundamental II,2009,248.3,243.92,4.870333,0.938559,94.2,,,,,,,95.8,91.1,94.8,4.6,4.4,Original,0.1999999999999993,Acima da meta,2,2,Básico,Básico
LUIZ DE OLIVEIRA ANDRADE PADRE EMEF,Fundamental II,2011,253.14,245.3,4.974,0.961008,96.8,,,,,,95.0,95.9,94.9,98.7,4.8,4.7,Original,0.09999999999999964,Acima da meta,3,2,Básico,Básico
LUIZ DE OLIVEIRA ANDRADE PADRE EMEF,Fundamental II,2013,260.01,255.49,5.258333,0.89235,90.4,,,,,,87.9,94.5,81.7,94.1,4.7,5.0,Original,-0.2999999999999998,Abaixo da meta,3,3,Básico,Básico
LUIZ DE OLIVEIRA ANDRADE PADRE EMEF,Fundamental II,2015,269.39,266.37,5.596,0.85281,87.4,,,,,,86.4,88.0,72.5,98.3,4.8,5.4,Original,-0.6000000000000005,Abaixo da meta,3,3,Básico,Básico
LUIZ DE OLIVEIRA ANDRADE PADRE EMEF,Fundamental II,2017,,,,0.818053,82.6,,,,,,74.7,82.7,78.6,93.5,,5.6,Original,,,,,,
LUIZ DE OLIVEIRA ANDRADE PADRE EMEF,Fundamental II,2019,270.2,268.12,5.638667,0.942876,93.9,,,,,,96.2,88.2,94.8,98.6,5.3,5.9,Original,-0.6000000000000005,Abaixo da meta,3,3,Básico,Básico
LUIZ DE OLIVEIRA ANDRADE PADRE EMEF,Fundamental II,2021,254.3,260.81,5.251833,1.0,100.0,,,,,,100.0,100.0,100.0,100.0,5.3,6.1,Original,-0.7999999999999998,Abaixo da meta,3,3,Básico,Básico
LUIZ DE OLIVEIRA ANDRADE PADRE EMEF,Fundamental II,2023,256.1,274.64,5.512333,0.91826,91.8,,,,,,90.9,93.6,87.6,95.6,5.1,6.1,Referência 2021,-1.0,Abaixo da meta,3,3,Básico,Adequado
LUIZ DE OLIVEIRA ANDRADE PADRE EMEF,Fundamental II,2025,,,,0.911174,91.2,,,,,,89.9,91.8,87.8,95.3,,6.1,Referência 2021,,,,,,
MARGARIDA MARIA MACIEL EMEF,Fundamental I,2005,183.67,188.82,4.90231,0.857711,86.5,,93.8,82.3,84.3,83.6,,,,,4.2,,,,,3,3,Abaixo do básico,Básico
MARGARIDA MARIA MACIEL EMEF,Fundamental I,2007,203.54,190.07,5.304222,0.953678,95.9,100.0,93.8,92.1,96.0,95.3,,,,,5.1,4.3,Original,0.7999999999999998,Acima da meta,4,3,Abaixo do básico,Básico
MARGARIDA MARIA MACIEL EMEF,Fundamental I,2009,211.98,200.44,5.653836,0.949623,95.2,100.0,90.7,95.4,90.8,98.7,,,,,5.4,4.6,Original,0.8000000000000007,Acima da meta,4,4,Básico,Básico
MARGARIDA MARIA MACIEL EMEF,Fundamental I,2011,216.89,206.95,5.865902,0.948772,94.8,100.0,91.2,89.2,96.9,98.0,,,,,5.6,5.0,Original,0.5999999999999996,Acima da meta,4,4,Básico,Básico
MARGARIDA MARIA MACIEL EMEF,Fundamental I,2013,218.7,209.35,5.94408,0.939319,94.0,100.0,87.6,96.6,95.7,90.8,,,,,5.6,5.3,Original,0.2999999999999998,Acima da meta,4,4,Básico,Básico
MARGARIDA MARIA MACIEL EMEF,Fundamental I,2015,213.17,204.05,5.742183,0.96028,95.9,99.0,100.0,91.2,93.8,96.7,,,,,5.5,5.6,Original,-0.09999999999999964,Abaixo da meta,4,4,Básico,Básico
MARGARIDA MARIA MACIEL EMEF,Fundamental I,2017,231.08,219.15,6.358522,0.983625,98.4,100.0,98.7,96.0,98.5,98.7,,,,,6.3,5.8,Original,0.5,Acima da meta,5,4,Básico,Adequado
MARGARIDA MARIA MACIEL EMEF,Fundamental I,2019,227.87,215.67,6.23399,0.972951,97.3,100.0,97.6,96.2,95.4,97.4,,,,,6.1,6.1,Original,0.0,Atingiu a meta,5,4,Básico,Básico
MARGARIDA MARIA MACIEL EMEF,Fundamental I,2021,215.79,208.26,5.868728,1.0,100.0,100.0,100.0,100.0,100.0,100.0,,,,,5.9,6.3,Original,-0.39999999999999947,Abaixo da meta,4,4,Básico,Básico
MARGARIDA MARIA MACIEL EMEF,Fundamental I,2023,210.76,196.49,5.558736,0.973567,97.5,99.2,97.6,95.0,96.5,98.6,,,,,5.4,6.3,Referência 2021,-0.8999999999999995,Abaixo da meta,4,3,Básico,Básico
MARGARIDA MARIA MACIEL EMEF,Fundamental I,2025,217.3,207.71,,0.965872,96.5,97.5,95.9,93.5,97.8,98.4,,,,,5.7,6.3,Referência 2021,-0.5999999999999996,Abaixo da meta,4,4,Básico,Básico
MARGARIDA MARIA MACIEL EMEF,Fundamental II,2005,,,,,,,,,,,,,,,,,,,,,,,
MARGARIDA MARIA MACIEL EMEF,Fundamental II,2007,,,,,,,,,,,,,,,,,Original,,,,,,
MARGARIDA MARIA MACIEL EMEF,Fundamental II,2009,,,,,,,,,,,,,,,,,Original,,,,,,
MARGARIDA MARIA MACIEL EMEF,Fundamental II,2011,,,,,,,,,,,,,,,,,Original,,,,,,
MARGARIDA MARIA MACIEL EMEF,Fundamental II,2013,,,,,,,,,,,,,,,,,Original,,,,,,
MARGARIDA MARIA MACIEL EMEF,Fundamental II,2015,264.16,265.75,5.4985,0.94303,93.9,,,,,,90.6,93.5,93.6,100.0,5.2,,Original,,,3,3,Básico,Básico
MARGARIDA MARIA MACIEL EMEF,Fundamental II,2017,,,,0.95442,95.7,,,,,,91.0,96.4,96.1,98.6,,5.4,Original,,,,,,
MARGARIDA MARIA MACIEL EMEF,Fundamental II,2019,266.33,267.17,5.558333,0.975288,97.5,,,,,,94.2,97.9,100.0,98.2,5.4,5.6,Original,-0.1999999999999993,Abaixo da meta,3,3,Básico,Básico
MARGARIDA MARIA MACIEL EMEF,Fundamental II,2021,258.71,263.04,5.3625,1.0,100.0,,,,,,100.0,100.0,100.0,100.0,5.4,5.9,Original,-0.5,Abaixo da meta,3,3,Básico,Básico
MARGARIDA MARIA MACIEL EMEF,Fundamental II,2023,251.07,254.32,5.089833,0.968575,96.8,,,,,,95.9,95.7,96.9,99.0,4.9,5.9,Referência 2021,-1.0,Abaixo da meta,3,3,Básico,Básico
MARGARIDA MARIA MACIEL EMEF,Fundamental II,2025,,,,0.951574,95.1,,,,,,94.8,94.3,94.2,97.4,,5.9,Referência 2021,,,,,,
MARIA ELISA B COUTO CHALUPPE PROFA EMEF,Fundamental I,2005,,,,,,,,,,,,,,,,,,,,,,,
MARIA ELISA B COUTO CHALUPPE PROFA EMEF,Fundamental I,2007,,,,,,,,,,,,,,,,,Original,,,,,,
MARIA ELISA B COUTO CHALUPPE PROFA EMEF,Fundamental I,2009,,,,,,,,,,,,,,,,,Original,,,,,,
MARIA ELISA B COUTO CHALUPPE PROFA EMEF,Fundamental I,2011,,,,,,,,,,,,,,,,,Original,,,,,,
MARIA ELISA B COUTO CHALUPPE PROFA EMEF,Fundamental I,2013,234.53,221.26,6.462725,0.928968,93.0,100.0,88.5,94.4,90.7,91.7,,,,,6.0,,Original,,,5,4,Básico,Adequado
MARIA ELISA B COUTO CHALUPPE PROFA EMEF,Fundamental I,2015,239.08,228.29,6.677375,0.908313,90.2,,100.0,89.8,90.7,84.2,,,,,6.1,6.2,Original,-0.10000000000000053,Abaixo da meta,5,5,Básico,Adequado
MARIA ELISA B COUTO CHALUPPE PROFA EMEF,Fundamental I,2017,243.66,244.73,7.063689,0.974997,97.6,100.0,100.0,,96.8,93.5,,,,,6.9,6.5,Original,0.40000000000000036,Acima da meta,5,5,Básico,Adequado
MARIA ELISA B COUTO CHALUPPE PROFA EMEF,Fundamental I,2019,248.08,237.8,7.02204,0.968568,96.7,100.0,92.9,100.0,94.7,97.1,,,,,6.8,6.7,Original,0.09999999999999964,Acima da meta,5,5,Adequado,Adequado
MARIA ELISA B COUTO CHALUPPE PROFA EMEF,Fundamental I,2021,238.12,250.59,7.064509,1.0,100.0,100.0,100.0,100.0,100.0,100.0,,,,,7.1,6.9,Original,0.1999999999999993,Acima da meta,5,6,Básico,Adequado
MARIA ELISA B COUTO CHALUPPE PROFA EMEF,Fundamental I,2023,248.77,240.44,7.083208,0.969033,96.5,100.0,98.3,100.0,93.1,93.6,,,,,6.9,6.9,Referência 2021,0.0,Atingiu a meta,5,5,Adequado,Adequado
MARIA ELISA B COUTO CHALUPPE PROFA EMEF,Fundamental I,2025,243.33,237.97,,0.97922,97.6,100.0,100.0,100.0,93.1,96.9,,,,,6.8,6.9,Referência 2021,-0.10000000000000053,Abaixo da meta,5,5,Básico,Adequado
MARIA ELISA B COUTO CHALUPPE PROFA EMEF,Fundamental II,2005,249.39,233.99,4.723042,0.90786,90.8,,,,,,91.0,92.1,89.0,91.1,4.3,,,,,2,2,Básico,Básico
MARIA ELISA B COUTO CHALUPPE PROFA EMEF,Fundamental II,2007,250.38,236.25,4.777167,0.933844,93.6,,,,,,94.2,97.8,89.9,92.0,4.5,4.3,Original,0.20000000000000018,Acima da meta,3,2,Básico,Básico
MARIA ELISA B COUTO CHALUPPE PROFA EMEF,Fundamental II,2009,281.13,282.88,6.066833,0.939542,92.1,,,,,,95.5,91.6,89.4,100.0,5.7,4.5,Original,1.2000000000000002,Acima da meta,4,4,Básico,Adequado
MARIA ELISA B COUTO CHALUPPE PROFA EMEF,Fundamental II,2011,274.27,266.96,5.687167,0.992951,99.0,,,,,,,,100.0,98.6,5.6,4.7,Original,0.8999999999999995,Acima da meta,3,3,Básico,Básico
MARIA ELISA B COUTO CHALUPPE PROFA EMEF,Fundamental II,2013,260.76,252.72,5.224667,0.899165,90.2,,,,,,90.0,87.1,85.7,97.8,4.7,5.1,Original,-0.39999999999999947,Abaixo da meta,3,3,Básico,Básico
MARIA ELISA B COUTO CHALUPPE PROFA EMEF,Fundamental II,2015,281.56,279.37,6.0155,0.939516,94.8,,,,,,87.9,95.1,96.1,97.3,5.7,5.5,Original,0.20000000000000018,Acima da meta,4,4,Básico,Adequado
MARIA ELISA B COUTO CHALUPPE PROFA EMEF,Fundamental II,2017,292.7,284.94,6.294,0.946459,94.3,,,,,,92.7,92.2,96.7,97.2,6.0,5.7,Original,0.2999999999999998,Acima da meta,4,4,Básico,Adequado
MARIA ELISA B COUTO CHALUPPE PROFA EMEF,Fundamental II,2019,296.46,298.98,6.590667,0.96452,96.5,,,,,,97.2,92.6,96.3,100.0,6.4,6.0,Original,0.40000000000000036,Acima da meta,4,4,Básico,Adequado
MARIA ELISA B COUTO CHALUPPE PROFA EMEF,Fundamental II,2021,290.16,293.45,6.3935,1.0,100.0,,,,,,100.0,100.0,100.0,100.0,6.4,6.2,Original,0.20000000000000018,Acima da meta,4,4,Básico,Adequado
MARIA ELISA B COUTO CHALUPPE PROFA EMEF,Fundamental II,2023,280.66,288.47,6.152167,0.983149,98.3,,,,,,98.6,98.6,96.7,99.4,6.0,6.2,Referência 2021,-0.20000000000000018,Abaixo da meta,4,4,Básico,Adequado
MARIA ELISA B COUTO CHALUPPE PROFA EMEF,Fundamental II,2025,284.74,281.6,,0.983817,98.3,,,,,,96.3,98.8,98.5,100.0,6.0,6.2,Referência 2021,-0.20000000000000018,Abaixo da meta,4,4,Básico,Adequado
MARIA MEDUNECKAS PROFESSORA EMEF,Fundamental I,2005,,,,,,,,,,,,,,,,,,,,,,,
MARIA MEDUNECKAS PROFESSORA EMEF,Fundamental I,2007,,,,,,,,,,,,,,,,,Original,,,,,,
MARIA MEDUNECKAS PROFESSORA EMEF,Fundamental I,2009,,,,,,,,,,,,,,,,,Original,,,,,,
MARIA MEDUNECKAS PROFESSORA EMEF,Fundamental I,2011,,,,,,,,,,,,,,,,,Original,,,,,,
MARIA MEDUNECKAS PROFESSORA EMEF,Fundamental I,2013,238.91,226.77,6.646495,0.967325,96.9,100.0,93.3,98.7,97.6,94.4,,,,,6.4,,Original,,,5,5,Básico,Adequado
MARIA MEDUNECKAS PROFESSORA EMEF,Fundamental I,2015,240.04,229.69,6.721151,0.98946,98.9,100.0,100.0,99.0,99.0,96.8,,,,,6.7,6.6,Original,0.10000000000000053,Acima da meta,5,5,Básico,Adequado
MARIA MEDUNECKAS PROFESSORA EMEF,Fundamental I,2017,249.3,237.48,7.039505,0.974845,97.6,100.0,100.0,93.8,97.1,96.8,,,,,6.9,6.8,Original,0.10000000000000053,Acima da meta,5,5,Adequado,Adequado
MARIA MEDUNECKAS PROFESSORA EMEF,Fundamental I,2019,,,,0.970042,96.8,100.0,96.6,93.0,98.0,97.7,,,,,,7.0,Original,,,,,,
MARIA MEDUNECKAS PROFESSORA EMEF,Fundamental I,2021,231.71,225.32,6.482727,0.969081,96.9,100.0,92.9,95.1,97.8,99.1,,,,,6.3,7.2,Original,-0.9000000000000004,Abaixo da meta,5,5,Básico,Adequado
MARIA MEDUNECKAS PROFESSORA EMEF,Fundamental I,2023,255.24,246.56,7.317954,0.932661,93.6,98.9,86.9,90.9,94.0,96.6,,,,,6.8,7.2,Referência 2021,-0.40000000000000036,Abaixo da meta,6,5,Adequado,Adequado
MARIA MEDUNECKAS PROFESSORA EMEF,Fundamental I,2025,251.95,234.96,,0.980643,98.0,99.0,97.8,93.8,100.0,100.0,,,,,6.9,7.2,Referência 2021,-0.2999999999999998,Abaixo da meta,6,5,Adequado,Adequado
MARIA MEDUNECKAS PROFESSORA EMEF,Fundamental II,2005,,,,,,,,,,,,,,,,,,,,,,,
MARIA MEDUNECKAS PROFESSORA EMEF,Fundamental II,2007,,,,,,,,,,,,,,,,,Original,,,,,,
MARIA MEDUNECKAS PROFESSORA EMEF,Fundamental II,2009,,,,,,,,,,,,,,,,,Original,,,,,,
MARIA MEDUNECKAS PROFESSORA EMEF,Fundamental II,2011,,,,,,,,,,,,,,,,,Original,,,,,,
MARIA MEDUNECKAS PROFESSORA EMEF,Fundamental II,2013,263.86,267.04,5.515,0.955906,95.5,,,,,,95.3,95.5,93.3,98.4,5.3,,Original,,,3,3,Básico,Básico
MARIA MEDUNECKAS PROFESSORA EMEF,Fundamental II,2015,284.8,282.39,6.119833,0.959357,96.0,,,,,,95.8,94.1,96.9,97.0,5.9,5.5,Original,0.40000000000000036,Acima da meta,4,4,Básico,Adequado
MARIA MEDUNECKAS PROFESSORA EMEF,Fundamental II,2017,295.34,298.35,6.5615,0.945071,94.6,,,,,,91.3,91.1,96.2,100.0,6.2,5.7,Original,0.5,Acima da meta,4,4,Básico,Adequado
MARIA MEDUNECKAS PROFESSORA EMEF,Fundamental II,2019,278.31,276.12,5.907167,0.979849,97.8,,,,,,100.0,95.8,96.3,100.0,5.8,6.0,Original,-0.20000000000000018,Abaixo da meta,4,4,Básico,Adequado
MARIA MEDUNECKAS PROFESSORA EMEF,Fundamental II,2021,274.45,266.32,5.6795,0.996463,99.7,,,,,,100.0,100.0,98.6,100.0,5.7,6.2,Original,-0.5,Abaixo da meta,3,3,Básico,Básico
MARIA MEDUNECKAS PROFESSORA EMEF,Fundamental II,2023,286.62,287.19,6.230167,0.99166,99.2,,,,,,97.7,99.0,100.0,100.0,6.2,6.2,Referência 2021,0.0,Atingiu a meta,4,4,Básico,Adequado
MARIA MEDUNECKAS PROFESSORA EMEF,Fundamental II,2025,274.5,277.72,,1.0,100.0,,,,,,100.0,100.0,100.0,100.0,5.9,6.2,Referência 2021,-0.2999999999999998,Abaixo da meta,3,4,Básico,Adequado
MARIO JOAQUIM ESCOBAR DE ANDRADE EMEF,Fundamental I,2005,,,,,,,,,,,,,,,,,,,,,,,
MARIO JOAQUIM ESCOBAR DE ANDRADE EMEF,Fundamental I,2007,,,,,,,,,,,,,,,,,Original,,,,,,
MARIO JOAQUIM ESCOBAR DE ANDRADE EMEF,Fundamental I,2009,,,,,,,,,,,,,,,,,Original,,,,,,
MARIO JOAQUIM ESCOBAR DE ANDRADE EMEF,Fundamental I,2011,222.15,201.77,5.872102,0.950751,95.1,98.0,90.1,95.0,98.9,93.9,,,,,5.6,,Original,,,4,4,Básico,Básico
MARIO JOAQUIM ESCOBAR DE ANDRADE EMEF,Fundamental I,2013,217.76,202.31,5.798142,0.935856,93.4,97.1,84.7,89.2,100.0,98.9,,,,,5.4,5.8,Original,-0.39999999999999947,Abaixo da meta,4,4,Básico,Básico
MARIO JOAQUIM ESCOBAR DE ANDRADE EMEF,Fundamental I,2015,228.36,223.7,6.389341,0.970128,97.1,100.0,100.0,97.4,92.3,95.8,,,,,6.2,6.1,Original,0.10000000000000053,Acima da meta,5,4,Básico,Adequado
MARIO JOAQUIM ESCOBAR DE ANDRADE EMEF,Fundamental I,2017,225.39,225.39,6.363389,0.942272,94.2,98.2,98.3,92.8,93.5,89.0,,,,,6.0,6.3,Original,-0.2999999999999998,Abaixo da meta,5,5,Básico,Adequado
MARIO JOAQUIM ESCOBAR DE ANDRADE EMEF,Fundamental I,2019,241.82,229.66,6.754575,0.993304,99.4,100.0,100.0,100.0,97.5,99.2,,,,,6.7,6.5,Original,0.20000000000000018,Acima da meta,5,5,Básico,Adequado
MARIO JOAQUIM ESCOBAR DE ANDRADE EMEF,Fundamental I,2021,215.96,212.6,5.950881,1.0,100.0,100.0,100.0,100.0,100.0,100.0,,,,,6.0,6.8,Original,-0.7999999999999998,Abaixo da meta,4,4,Básico,Básico
MARIO JOAQUIM ESCOBAR DE ANDRADE EMEF,Fundamental I,2023,,,,,,,,,,,,,,,,6.8,Referência 2021,,,,,,
MARIO JOAQUIM ESCOBAR DE ANDRADE EMEF,Fundamental I,2025,,,,,,,,,,,,,,,,6.8,Referência 2021,,,,,,
MARIO JOAQUIM ESCOBAR DE ANDRADE EMEF,Fundamental II,2005,265.78,245.49,5.187767,0.869324,87.1,,,,,,88.0,79.0,90.4,91.5,4.5,,,,,3,2,Básico,Básico
MARIO JOAQUIM ESCOBAR DE ANDRADE EMEF,Fundamental II,2007,253.0,239.3,4.871667,0.890487,89.5,,,,,,89.8,84.8,90.4,91.5,4.3,4.5,Original,-0.20000000000000018,Abaixo da meta,3,2,Básico,Básico
MARIO JOAQUIM ESCOBAR DE ANDRADE EMEF,Fundamental II,2009,255.12,250.13,5.0875,0.925177,92.4,,,,,,91.7,92.7,93.8,91.9,4.7,4.7,Original,0.0,Atingiu a meta,3,3,Básico,Básico
MARIO JOAQUIM ESCOBAR DE ANDRADE EMEF,Fundamental II,2011,259.05,251.78,5.1805,0.908158,90.7,,,,,,91.9,90.8,89.4,91.2,4.7,5.0,Original,-0.2999999999999998,Abaixo da meta,3,3,Básico,Básico
MARIO JOAQUIM ESCOBAR DE ANDRADE EMEF,Fundamental II,2013,234.23,233.12,4.455833,0.886355,89.8,,,,,,86.7,85.1,87.1,96.5,3.9,5.3,Original,-1.4,Abaixo da meta,2,2,Básico,Básico
MARIO JOAQUIM ESCOBAR DE ANDRADE EMEF,Fundamental II,2015,251.91,249.7,5.026833,0.883852,88.4,,,,,,92.6,81.2,87.1,93.8,4.4,5.7,Original,-1.2999999999999998,Abaixo da meta,3,2,Básico,Básico
MARIO JOAQUIM ESCOBAR DE ANDRADE EMEF,Fundamental II,2017,263.81,271.17,5.583,0.900523,89.9,,,,,,89.6,85.6,88.1,97.8,5.0,5.9,Original,-0.9000000000000004,Abaixo da meta,3,3,Básico,Básico
MARIO JOAQUIM ESCOBAR DE ANDRADE EMEF,Fundamental II,2019,272.11,270.01,5.702,0.986178,98.6,,,,,,97.7,98.4,98.4,100.0,5.6,6.1,Original,-0.5,Abaixo da meta,3,3,Básico,Básico
MARIO JOAQUIM ESCOBAR DE ANDRADE EMEF,Fundamental II,2021,261.29,262.44,5.3955,1.0,100.0,,,,,,100.0,100.0,100.0,100.0,5.4,6.4,Original,-1.0,Abaixo da meta,3,3,Básico,Básico
MARIO JOAQUIM ESCOBAR DE ANDRADE EMEF,Fundamental II,2023,,,,,,,,,,,,,,,,6.4,Referência 2021,,,,,,
MARIO JOAQUIM ESCOBAR DE ANDRADE EMEF,Fundamental II,2025,,,,,,,,,,,,,,,,6.4,Referência 2021,,,,,,
MARLENE PEREIRA SANTIAGO PROFA EMEF,Fundamental I,2005,,,,,,,,,,,,,,,,,,,,,,,
MARLENE PEREIRA SANTIAGO PROFA EMEF,Fundamental I,2007,,,,,,,,,,,,,,,,,Original,,,,,,
MARLENE PEREIRA SANTIAGO PROFA EMEF,Fundamental I,2009,,,,,,,,,,,,,,,,,Original,,,,,,
MARLENE PEREIRA SANTIAGO PROFA EMEF,Fundamental I,2011,,,,,,,,,,,,,,,,,Original,,,,,,
MARLENE PEREIRA SANTIAGO PROFA EMEF,Fundamental I,2013,203.18,196.69,5.417715,0.975968,97.8,100.0,96.4,100.0,100.0,92.1,,,,,5.3,,Original,,,4,3,Abaixo do básico,Básico
MARLENE PEREIRA SANTIAGO PROFA EMEF,Fundamental I,2015,224.37,220.26,6.25065,0.959901,97.1,100.0,100.0,90.9,94.0,95.7,,,,,6.0,5.5,Original,0.5,Acima da meta,4,4,Básico,Adequado
MARLENE PEREIRA SANTIAGO PROFA EMEF,Fundamental I,2017,231.47,224.54,6.463965,0.970751,96.9,100.0,100.0,93.9,96.8,95.0,,,,,6.3,5.8,Original,0.5,Acima da meta,5,4,Básico,Adequado
MARLENE PEREIRA SANTIAGO PROFA EMEF,Fundamental I,2019,240.71,235.96,6.847937,0.978638,97.9,100.0,97.1,95.1,100.0,97.3,,,,,6.7,6.0,Original,0.7000000000000002,Acima da meta,5,5,Básico,Adequado
MARLENE PEREIRA SANTIAGO PROFA EMEF,Fundamental I,2021,227.3,224.02,6.37493,1.0,100.0,100.0,100.0,100.0,100.0,100.0,,,,,6.4,6.3,Original,0.10000000000000053,Acima da meta,5,4,Básico,Adequado
MARLENE PEREIRA SANTIAGO PROFA EMEF,Fundamental I,2023,210.15,208.88,5.772367,0.993642,99.3,100.0,100.0,100.0,96.9,100.0,,,,,5.7,6.3,Referência 2021,-0.5999999999999996,Abaixo da meta,4,4,Básico,Básico
MARLENE PEREIRA SANTIAGO PROFA EMEF,Fundamental I,2025,229.1,211.37,,0.986864,98.7,100.0,97.0,98.4,98.1,100.0,,,,,6.1,6.3,Referência 2021,-0.20000000000000018,Abaixo da meta,5,4,Básico,Básico
MARLENE PEREIRA SANTIAGO PROFA EMEF,Fundamental II,2005,,,,,,,,,,,,,,,,,,,,,,,
MARLENE PEREIRA SANTIAGO PROFA EMEF,Fundamental II,2007,,,,,,,,,,,,,,,,,Original,,,,,,
MARLENE PEREIRA SANTIAGO PROFA EMEF,Fundamental II,2009,246.85,241.53,4.806333,0.915371,92.0,,,,,,,,89.2,94.0,4.4,,Original,,,2,2,Básico,Básico
MARLENE PEREIRA SANTIAGO PROFA EMEF,Fundamental II,2011,246.65,238.82,4.757833,0.895119,89.9,,,,,,87.9,89.7,83.7,97.9,4.3,4.6,Original,-0.2999999999999998,Abaixo da meta,2,2,Básico,Básico
MARLENE PEREIRA SANTIAGO PROFA EMEF,Fundamental II,2013,246.9,248.23,4.918833,0.931403,94.4,,,,,,90.0,91.0,95.1,96.8,4.6,4.8,Original,-0.20000000000000018,Abaixo da meta,2,2,Básico,Básico
MARLENE PEREIRA SANTIAGO PROFA EMEF,Fundamental II,2015,258.41,252.63,5.184,0.928919,94.2,,,,,,100.0,83.3,96.2,93.8,4.8,5.1,Original,-0.2999999999999998,Abaixo da meta,3,3,Básico,Básico
MARLENE PEREIRA SANTIAGO PROFA EMEF,Fundamental II,2017,249.74,264.89,5.243833,0.949092,94.9,,,,,,98.6,87.9,94.1,100.0,5.0,5.4,Original,-0.40000000000000036,Abaixo da meta,2,3,Básico,Básico
MARLENE PEREIRA SANTIAGO PROFA EMEF,Fundamental II,2019,270.62,278.48,5.818333,0.994468,99.4,,,,,,99.1,98.7,100.0,100.0,5.8,5.6,Original,0.20000000000000018,Acima da meta,3,4,Básico,Adequado
MARLENE PEREIRA SANTIAGO PROFA EMEF,Fundamental II,2021,267.87,285.6,5.891167,1.0,100.0,,,,,,100.0,100.0,100.0,100.0,5.9,5.9,Original,0.0,Atingiu a meta,3,4,Básico,Adequado
MARLENE PEREIRA SANTIAGO PROFA EMEF,Fundamental II,2023,263.26,271.08,5.572333,0.997481,99.7,,,,,,100.0,100.0,99.0,100.0,5.6,5.9,Referência 2021,-0.3000000000000007,Abaixo da meta,3,3,Básico,Básico
MARLENE PEREIRA SANTIAGO PROFA EMEF,Fundamental II,2025,234.05,245.89,,0.97701,97.8,,,,,,98.6,98.5,95.1,98.7,4.6,5.9,Referência 2021,-1.3000000000000007,Abaixo da meta,2,2,Básico,Básico
MYRTHES THEREZINHA ASSAD VILELLA PROFA EMEF,Fundamental II,2005,244.83,230.63,4.591132,0.866582,86.7,,,,,,92.1,86.5,84.8,83.7,4.0,,,,,2,2,Básico,Básico
MYRTHES THEREZINHA ASSAD VILELLA PROFA EMEF,Fundamental II,2007,270.85,262.47,5.555333,0.911618,91.3,,,,,,87.5,91.2,96.4,90.0,5.1,4.0,Original,1.0999999999999996,Acima da meta,3,3,Básico,Básico
MYRTHES THEREZINHA ASSAD VILELLA PROFA EMEF,Fundamental II,2009,,,,,,,,,,,,,,,,4.2,Original,,,,,,
MYRTHES THEREZINHA ASSAD VILELLA PROFA EMEF,Fundamental II,2011,,,,,,,,,,,,,,,,4.4,Original,,,,,,
MYRTHES THEREZINHA ASSAD VILELLA PROFA EMEF,Fundamental II,2013,,,,,,,,,,,,,,,,4.8,Original,,,,,,
MYRTHES THEREZINHA ASSAD VILELLA PROFA EMEF,Fundamental II,2015,,,,,,,,,,,,,,,,5.2,Original,,,,,,
MYRTHES THEREZINHA ASSAD VILELLA PROFA EMEF,Fundamental II,2017,,,,,,,,,,,,,,,,5.4,Original,,,,,,
MYRTHES THEREZINHA ASSAD VILELLA PROFA EMEF,Fundamental II,2019,,,,,,,,,,,,,,,,5.7,Original,,,,,,
MYRTHES THEREZINHA ASSAD VILELLA PROFA EMEF,Fundamental II,2021,,,,,,,,,,,,,,,,5.9,Original,,,,,,
MYRTHES THEREZINHA ASSAD VILELLA PROFA EMEF,Fundamental II,2023,,,,,,,,,,,,,,,,5.9,Referência 2021,,,,,,
MYRTHES THEREZINHA ASSAD VILELLA PROFA EMEF,Fundamental II,2025,,,,,,,,,,,,,,,,5.9,Referência 2021,,,,,,
NALY BENEDICTA BECEGATTO CAMARGO MANCINI PROFA EMEF,Fundamental I,2005,,,,,,,,,,,,,,,,,,,,,,,
NALY BENEDICTA BECEGATTO CAMARGO MANCINI PROFA EMEF,Fundamental I,2007,,,,,,,,,,,,,,,,,Original,,,,,,
NALY BENEDICTA BECEGATTO CAMARGO MANCINI PROFA EMEF,Fundamental I,2009,,,,,,,,,,,,,,,,,Original,,,,,,
NALY BENEDICTA BECEGATTO CAMARGO MANCINI PROFA EMEF,Fundamental I,2011,227.82,216.72,6.252126,0.939253,94.0,100.0,88.5,94.4,97.4,90.3,,,,,5.9,,Original,,,5,4,Básico,Básico
NALY BENEDICTA BECEGATTO CAMARGO MANCINI PROFA EMEF,Fundamental I,2013,215.05,203.7,5.771697,0.957137,96.0,98.0,91.2,98.0,98.1,93.7,,,,,5.5,6.1,Original,-0.5999999999999996,Abaixo da meta,4,4,Básico,Básico
NALY BENEDICTA BECEGATTO CAMARGO MANCINI PROFA EMEF,Fundamental I,2015,217.44,211.08,5.951489,0.960256,96.7,100.0,100.0,97.9,95.2,88.1,,,,,5.7,6.3,Original,-0.5999999999999996,Abaixo da meta,4,4,Básico,Básico
NALY BENEDICTA BECEGATTO CAMARGO MANCINI PROFA EMEF,Fundamental I,2017,233.51,215.8,6.343987,0.964364,96.3,100.0,99.2,95.4,91.2,96.9,,,,,6.1,6.6,Original,-0.5,Abaixo da meta,5,4,Básico,Básico
NALY BENEDICTA BECEGATTO CAMARGO MANCINI PROFA EMEF,Fundamental I,2019,236.25,216.43,6.407731,0.99839,99.8,100.0,100.0,100.0,99.2,100.0,,,,,6.4,6.8,Original,-0.39999999999999947,Abaixo da meta,5,4,Básico,Básico
NALY BENEDICTA BECEGATTO CAMARGO MANCINI PROFA EMEF,Fundamental I,2021,220.85,209.73,5.99202,0.99839,99.8,100.0,100.0,100.0,99.2,100.0,,,,,6.0,7.0,Original,-1.0,Abaixo da meta,4,4,Básico,Básico
NALY BENEDICTA BECEGATTO CAMARGO MANCINI PROFA EMEF,Fundamental I,2023,219.87,210.78,5.992409,0.986897,98.6,99.2,99.0,100.0,100.0,95.4,,,,,5.9,7.0,Referência 2021,-1.0999999999999996,Abaixo da meta,4,4,Básico,Básico
NALY BENEDICTA BECEGATTO CAMARGO MANCINI PROFA EMEF,Fundamental I,2025,223.22,206.48,,0.968245,97.0,98.9,93.5,100.0,96.2,95.8,,,,,5.8,7.0,Referência 2021,-1.2000000000000002,Abaixo da meta,4,4,Básico,Básico
NALY BENEDICTA BECEGATTO CAMARGO MANCINI PROFA EMEF,Fundamental II,2005,249.54,236.59,4.768799,0.895155,89.5,,,,,,88.5,92.5,89.3,87.9,4.3,,,,,2,2,Básico,Básico
NALY BENEDICTA BECEGATTO CAMARGO MANCINI PROFA EMEF,Fundamental II,2007,240.26,228.25,4.475167,0.907936,91.1,,,,,,89.2,95.3,92.1,87.0,4.1,4.3,Original,-0.20000000000000018,Abaixo da meta,2,2,Básico,Básico
NALY BENEDICTA BECEGATTO CAMARGO MANCINI PROFA EMEF,Fundamental II,2009,230.69,231.26,4.365833,0.905944,90.6,,,,,,91.5,89.9,91.1,89.9,4.0,4.4,Original,-0.40000000000000036,Abaixo da meta,2,2,Básico,Básico
NALY BENEDICTA BECEGATTO CAMARGO MANCINI PROFA EMEF,Fundamental II,2011,259.84,253.03,5.2145,0.93069,93.7,,,,,,90.9,92.8,91.1,97.8,4.9,4.7,Original,0.20000000000000018,Acima da meta,3,3,Básico,Básico
NALY BENEDICTA BECEGATTO CAMARGO MANCINI PROFA EMEF,Fundamental II,2013,249.71,240.64,4.839167,0.92009,93.4,,,,,,91.6,93.3,87.8,95.7,4.5,5.1,Original,-0.5999999999999996,Abaixo da meta,2,2,Básico,Básico
NALY BENEDICTA BECEGATTO CAMARGO MANCINI PROFA EMEF,Fundamental II,2015,252.89,250.78,5.061167,0.837892,83.4,,,,,,79.7,76.6,84.7,96.8,4.2,5.5,Original,-1.2999999999999998,Abaixo da meta,3,3,Básico,Básico
NALY BENEDICTA BECEGATTO CAMARGO MANCINI PROFA EMEF,Fundamental II,2017,,,,0.871062,85.9,,,,,,79.4,84.8,86.7,100.0,,5.7,Original,,,,,,
NALY BENEDICTA BECEGATTO CAMARGO MANCINI PROFA EMEF,Fundamental II,2019,275.78,270.68,5.774333,0.996463,99.6,,,,,,98.6,100.0,100.0,100.0,5.8,5.9,Original,-0.10000000000000053,Abaixo da meta,4,3,Básico,Básico
NALY BENEDICTA BECEGATTO CAMARGO MANCINI PROFA EMEF,Fundamental II,2021,266.61,267.05,5.561,1.0,100.0,,,,,,100.0,100.0,100.0,100.0,5.6,6.2,Original,-0.6000000000000005,Abaixo da meta,3,3,Básico,Básico
NALY BENEDICTA BECEGATTO CAMARGO MANCINI PROFA EMEF,Fundamental II,2023,264.01,269.68,5.5615,0.98615,98.6,,,,,,100.0,97.2,98.6,98.7,5.5,6.2,Referência 2021,-0.7000000000000002,Abaixo da meta,3,3,Básico,Básico
NALY BENEDICTA BECEGATTO CAMARGO MANCINI PROFA EMEF,Fundamental II,2025,240.09,247.08,,0.967564,96.8,,,,,,97.2,94.5,97.6,97.8,4.6,6.2,Referência 2021,-1.6000000000000005,Abaixo da meta,2,2,Básico,Básico
NESTOR DE CAMARGO PREFEITO EMEF,Fundamental I,2005,,,,,,,,,,,,,,,,,,,,,,,
NESTOR DE CAMARGO PREFEITO EMEF,Fundamental I,2007,,,,,,,,,,,,,,,,,Original,,,,,,
NESTOR DE CAMARGO PREFEITO EMEF,Fundamental I,2009,,,,,,,,,,,,,,,,,Original,,,,,,
NESTOR DE CAMARGO PREFEITO EMEF,Fundamental I,2011,,,,,,,,,,,,,,,,,Original,,,,,,
NESTOR DE CAMARGO PREFEITO EMEF,Fundamental I,2013,,,,,,,,,,,,,,,,,Original,,,,,,
NESTOR DE CAMARGO PREFEITO EMEF,Fundamental I,2015,,,,,,,,,,,,,,,,,Original,,,,,,
NESTOR DE CAMARGO PREFEITO EMEF,Fundamental I,2017,234.13,224.21,6.508728,0.975305,97.1,100.0,100.0,90.4,98.0,100.0,,,,,6.3,,Original,,,5,4,Básico,Adequado
NESTOR DE CAMARGO PREFEITO EMEF,Fundamental I,2019,245.63,232.5,6.878921,0.961441,96.1,100.0,93.8,92.8,96.1,98.4,,,,,6.6,6.6,Original,0.0,Atingiu a meta,5,5,Adequado,Adequado
NESTOR DE CAMARGO PREFEITO EMEF,Fundamental I,2021,224.6,220.05,6.251221,0.995363,99.5,100.0,100.0,99.2,98.5,100.0,,,,,6.2,6.8,Original,-0.5999999999999996,Abaixo da meta,4,4,Básico,Adequado
NESTOR DE CAMARGO PREFEITO EMEF,Fundamental I,2023,226.09,220.23,6.282929,0.980996,98.3,100.0,99.5,99.4,99.3,92.7,,,,,6.2,6.8,Referência 2021,-0.5999999999999996,Abaixo da meta,5,4,Básico,Adequado
NESTOR DE CAMARGO PREFEITO EMEF,Fundamental I,2025,229.01,215.57,,0.996347,99.6,100.0,100.0,100.0,100.0,98.2,,,,,6.2,6.8,Referência 2021,-0.5999999999999996,Abaixo da meta,5,4,Básico,Básico
NESTOR DE CAMARGO PREFEITO EMEF,Fundamental II,2005,251.86,233.09,4.749087,0.843655,84.7,,,,,,86.9,85.8,77.6,88.0,4.0,,,,,3,2,Básico,Básico
NESTOR DE CAMARGO PREFEITO EMEF,Fundamental II,2007,263.78,241.15,5.082167,0.874716,87.3,,,,,,84.0,85.9,86.2,94.5,4.4,4.0,Original,0.40000000000000036,Acima da meta,3,2,Básico,Básico
NESTOR DE CAMARGO PREFEITO EMEF,Fundamental II,2009,243.29,243.53,4.780333,0.944402,94.5,,,,,,96.7,90.7,96.2,94.4,4.5,4.2,Original,0.2999999999999998,Acima da meta,2,2,Básico,Básico
NESTOR DE CAMARGO PREFEITO EMEF,Fundamental II,2011,269.91,261.9,5.530167,0.963878,96.4,,,,,,95.7,97.3,93.8,98.9,5.3,4.5,Original,0.7999999999999998,Acima da meta,3,3,Básico,Básico
NESTOR DE CAMARGO PREFEITO EMEF,Fundamental II,2013,266.46,258.58,5.417333,0.940881,94.1,,,,,,93.7,92.9,94.0,95.8,5.1,4.9,Original,0.1999999999999993,Acima da meta,3,3,Básico,Básico
NESTOR DE CAMARGO PREFEITO EMEF,Fundamental II,2015,281.25,275.85,5.951667,0.96904,96.8,,,,,,95.7,95.7,97.1,99.2,5.8,5.2,Original,0.5999999999999996,Acima da meta,4,4,Básico,Adequado
NESTOR DE CAMARGO PREFEITO EMEF,Fundamental II,2017,270.65,270.75,5.69,0.953608,95.3,,,,,,98.1,95.3,90.8,97.6,5.4,5.5,Original,-0.09999999999999964,Abaixo da meta,3,3,Básico,Básico
NESTOR DE CAMARGO PREFEITO EMEF,Fundamental II,2019,282.66,280.73,6.0565,0.966061,96.9,,,,,,97.5,93.3,97.0,98.8,5.9,5.7,Original,0.20000000000000018,Acima da meta,4,4,Básico,Adequado
NESTOR DE CAMARGO PREFEITO EMEF,Fundamental II,2021,265.29,272.3,5.6265,0.993189,99.4,,,,,,100.0,99.2,100.0,98.1,5.6,6.0,Original,-0.40000000000000036,Abaixo da meta,3,3,Básico,Básico
NESTOR DE CAMARGO PREFEITO EMEF,Fundamental II,2023,,,,0.951626,95.4,,,,,,99.4,93.4,93.4,94.7,,6.0,Referência 2021,,,,,,
NESTOR DE CAMARGO PREFEITO EMEF,Fundamental II,2025,260.13,259.47,,0.989897,99.0,,,,,,100.0,98.2,97.8,100.0,5.3,6.0,Referência 2021,-0.7000000000000002,Abaixo da meta,3,3,Básico,Básico
ONOFRA DA SILVA EMEF,Fundamental I,2005,,,,,,,,,,,,,,,,,,,,,,,
ONOFRA DA SILVA EMEF,Fundamental I,2007,,,,,,,,,,,,,,,,,Original,,,,,,
ONOFRA DA SILVA EMEF,Fundamental I,2009,222.81,209.82,6.031061,0.952269,95.8,100.0,91.3,95.1,93.3,96.9,,,,,5.7,,Original,,,4,4,Básico,Básico
ONOFRA DA SILVA EMEF,Fundamental I,2011,239.19,222.48,6.573838,0.960135,96.5,100.0,97.2,94.1,90.5,98.9,,,,,6.3,6.0,Original,0.2999999999999998,Acima da meta,5,4,Básico,Adequado
ONOFRA DA SILVA EMEF,Fundamental I,2013,226.23,211.58,6.128328,0.975154,97.4,100.0,98.0,97.5,95.2,97.0,,,,,6.0,6.2,Original,-0.20000000000000018,Abaixo da meta,5,4,Básico,Básico
ONOFRA DA SILVA EMEF,Fundamental I,2015,231.45,230.55,6.572856,1.0,100.0,100.0,100.0,100.0,100.0,100.0,,,,,6.6,6.5,Original,0.09999999999999964,Acima da meta,5,5,Básico,Adequado
ONOFRA DA SILVA EMEF,Fundamental I,2017,250.04,240.52,7.108899,0.979409,98.0,100.0,100.0,92.0,99.0,99.2,,,,,7.0,6.7,Original,0.2999999999999998,Acima da meta,6,5,Adequado,Adequado
ONOFRA DA SILVA EMEF,Fundamental I,2019,248.92,230.95,6.913525,0.962426,96.4,100.0,93.5,94.1,97.5,96.4,,,,,6.7,6.9,Original,-0.20000000000000018,Abaixo da meta,5,5,Adequado,Adequado
ONOFRA DA SILVA EMEF,Fundamental I,2021,233.9,225.14,6.521248,1.0,100.0,100.0,100.0,100.0,100.0,100.0,,,,,6.5,7.1,Original,-0.5999999999999996,Abaixo da meta,5,5,Básico,Adequado
ONOFRA DA SILVA EMEF,Fundamental I,2023,233.51,225.67,6.523441,0.993164,99.3,98.9,100.0,99.2,100.0,98.5,,,,,6.5,7.1,Referência 2021,-0.5999999999999996,Abaixo da meta,5,5,Básico,Adequado
ONOFRA DA SILVA EMEF,Fundamental I,2025,229.04,216.57,,0.996785,99.6,100.0,99.2,100.0,100.0,99.2,,,,,6.3,7.1,Referência 2021,-0.7999999999999998,Abaixo da meta,5,4,Básico,Básico
ONOFRA DA SILVA EMEF,Fundamental II,2005,,,,,,,,,,,,,,,,,,,,,,,
ONOFRA DA SILVA EMEF,Fundamental II,2007,,,,,,,,,,,,,,,,,Original,,,,,,
ONOFRA DA SILVA EMEF,Fundamental II,2009,262.77,269.34,5.535167,0.901235,90.3,,,,,,,,85.4,95.4,5.0,,Original,,,3,3,Básico,Básico
ONOFRA DA SILVA EMEF,Fundamental II,2011,,,,0.894865,89.9,,,,,,88.4,90.6,,,,5.1,Original,,,,,,
ONOFRA DA SILVA EMEF,Fundamental II,2013,260.8,262.94,5.395667,0.959131,96.3,,,,,,94.6,93.5,95.8,100.0,5.2,5.4,Original,-0.20000000000000018,Abaixo da meta,3,3,Básico,Básico
ONOFRA DA SILVA EMEF,Fundamental II,2015,274.98,276.04,5.850333,0.973842,97.6,,,,,,97.8,94.1,99.0,98.8,5.7,5.7,Original,0.0,Atingiu a meta,3,4,Básico,Adequado
ONOFRA DA SILVA EMEF,Fundamental II,2017,282.86,286.3,6.152667,0.887608,88.9,,,,,,87.9,86.3,92.8,88.3,5.5,5.9,Original,-0.40000000000000036,Abaixo da meta,4,4,Básico,Adequado
ONOFRA DA SILVA EMEF,Fundamental II,2019,289.35,292.72,6.367833,0.980234,98.1,,,,,,97.0,96.0,99.2,100.0,6.2,6.1,Original,0.10000000000000053,Acima da meta,4,4,Básico,Adequado
ONOFRA DA SILVA EMEF,Fundamental II,2021,271.17,283.99,5.919333,1.0,100.0,,,,,,100.0,100.0,100.0,100.0,5.9,6.4,Original,-0.5,Abaixo da meta,3,4,Básico,Adequado
ONOFRA DA SILVA EMEF,Fundamental II,2023,260.98,273.75,5.578833,0.983997,98.5,,,,,,97.0,96.7,100.0,100.0,5.5,6.4,Referência 2021,-0.9000000000000004,Abaixo da meta,3,3,Básico,Básico
ONOFRA DA SILVA EMEF,Fundamental II,2025,278.43,281.89,,0.987445,98.7,,,,,,98.5,98.4,98.1,100.0,5.9,6.4,Referência 2021,-0.5,Abaixo da meta,4,4,Básico,Adequado
OSVALDO BATISTA PEREIRA EMEF,Fundamental I,2005,188.67,183.48,4.900603,0.94142,94.1,,95.2,94.4,94.2,92.8,,,,,4.6,,,,,3,3,Abaixo do básico,Básico
OSVALDO BATISTA PEREIRA EMEF,Fundamental I,2007,223.7,201.45,5.895864,0.949592,94.6,100.0,92.1,,96.3,91.9,,,,,5.6,4.7,Original,0.8999999999999995,Acima da meta,4,4,Básico,Básico
OSVALDO BATISTA PEREIRA EMEF,Fundamental I,2009,,,,0.925911,93.2,100.0,86.5,89.1,96.0,,,,,,,5.0,Original,,,,,,
OSVALDO BATISTA PEREIRA EMEF,Fundamental I,2011,242.89,234.74,6.867358,0.965401,96.5,100.0,92.8,93.0,98.7,98.7,,,,,6.6,5.4,Original,1.1999999999999993,Acima da meta,5,5,Básico,Adequado
OSVALDO BATISTA PEREIRA EMEF,Fundamental I,2013,227.56,215.04,6.216619,0.941515,94.0,100.0,91.2,92.7,91.8,95.6,,,,,5.9,5.7,Original,0.20000000000000018,Acima da meta,5,4,Básico,Básico
OSVALDO BATISTA PEREIRA EMEF,Fundamental I,2015,232.18,223.96,6.466969,0.969067,96.9,98.8,99.3,95.9,93.1,97.7,,,,,6.3,5.9,Original,0.39999999999999947,Acima da meta,5,4,Básico,Adequado
OSVALDO BATISTA PEREIRA EMEF,Fundamental I,2017,244.2,231.01,6.82454,0.965935,96.2,100.0,100.0,93.3,93.8,96.3,,,,,6.6,6.2,Original,0.39999999999999947,Acima da meta,5,5,Adequado,Adequado
OSVALDO BATISTA PEREIRA EMEF,Fundamental I,2019,248.38,233.71,6.953402,0.967316,96.8,100.0,92.7,95.5,97.0,98.8,,,,,6.7,6.4,Original,0.2999999999999998,Acima da meta,5,5,Adequado,Adequado
OSVALDO BATISTA PEREIRA EMEF,Fundamental I,2021,227.18,225.94,6.407549,1.0,100.0,100.0,100.0,100.0,100.0,100.0,,,,,6.4,6.6,Original,-0.1999999999999993,Abaixo da meta,5,5,Básico,Adequado
OSVALDO BATISTA PEREIRA EMEF,Fundamental I,2023,236.34,223.83,6.543994,0.980241,98.0,100.0,96.5,95.2,99.3,99.3,,,,,6.4,6.6,Referência 2021,-0.1999999999999993,Abaixo da meta,5,4,Básico,Adequado
OSVALDO BATISTA PEREIRA EMEF,Fundamental I,2025,221.14,211.88,,0.980305,98.0,98.6,99.3,97.5,98.3,96.5,,,,,5.9,6.6,Referência 2021,-0.6999999999999993,Abaixo da meta,4,4,Básico,Básico
OSVALDO BATISTA PEREIRA EMEF,Fundamental II,2005,248.07,232.62,4.678121,0.873759,87.5,,,,,,85.8,91.2,83.0,90.0,4.1,,,,,2,2,Básico,Básico
OSVALDO BATISTA PEREIRA EMEF,Fundamental II,2007,246.89,240.17,4.784333,0.862845,86.5,,,,,,87.7,86.6,84.5,86.4,4.1,4.1,Original,0.0,Atingiu a meta,2,2,Básico,Básico
OSVALDO BATISTA PEREIRA EMEF,Fundamental II,2009,262.1,258.84,5.349,0.861503,87.5,,,,,,92.8,77.1,82.1,95.2,4.6,4.3,Original,0.2999999999999998,Acima da meta,3,3,Básico,Básico
OSVALDO BATISTA PEREIRA EMEF,Fundamental II,2011,267.07,261.02,5.468167,0.845527,84.2,,,,,,94.5,77.9,82.2,85.3,4.6,4.5,Original,0.09999999999999964,Acima da meta,3,3,Básico,Básico
OSVALDO BATISTA PEREIRA EMEF,Fundamental II,2013,253.03,259.23,5.204333,0.871971,88.1,,,,,,83.1,85.8,87.3,93.2,4.5,4.9,Original,-0.40000000000000036,Abaixo da meta,3,3,Básico,Básico
OSVALDO BATISTA PEREIRA EMEF,Fundamental II,2015,271.79,266.88,5.6445,0.892105,88.9,,,,,,82.4,89.9,90.3,95.2,5.0,5.3,Original,-0.2999999999999998,Abaixo da meta,3,3,Básico,Básico
OSVALDO BATISTA PEREIRA EMEF,Fundamental II,2017,262.44,273.62,5.601,0.937945,93.5,,,,,,91.9,91.4,96.9,95.2,5.3,5.5,Original,-0.20000000000000018,Abaixo da meta,3,3,Básico,Básico
OSVALDO BATISTA PEREIRA EMEF,Fundamental II,2019,278.7,276.58,5.921333,0.962764,96.6,,,,,,94.5,97.7,93.2,100.0,5.7,5.8,Original,-0.09999999999999964,Abaixo da meta,4,4,Básico,Adequado
OSVALDO BATISTA PEREIRA EMEF,Fundamental II,2021,268.72,273.48,5.703333,1.0,100.0,,,,,,100.0,100.0,100.0,100.0,5.7,6.0,Original,-0.2999999999999998,Abaixo da meta,3,3,Básico,Básico
OSVALDO BATISTA PEREIRA EMEF,Fundamental II,2023,258.91,270.11,5.483667,0.935291,94.0,,,,,,95.3,86.6,94.2,98.9,5.1,6.0,Referência 2021,-0.9000000000000004,Abaixo da meta,3,3,Básico,Básico
OSVALDO BATISTA PEREIRA EMEF,Fundamental II,2025,276.69,272.44,,0.952345,95.2,,,,,,93.8,92.9,97.5,96.9,5.5,6.0,Referência 2021,-0.5,Abaixo da meta,4,3,Básico,Básico
RAPOSO TAVARES EMEF,Fundamental I,2005,193.4,192.09,5.147496,0.873618,87.5,,90.6,91.8,87.7,80.3,,,,,4.5,,,,,3,3,Abaixo do básico,Básico
RAPOSO TAVARES EMEF,Fundamental I,2007,222.57,198.57,5.821935,0.913218,92.1,,87.5,90.4,94.0,93.7,,,,,5.3,4.6,Original,0.7000000000000002,Acima da meta,4,3,Básico,Básico
RAPOSO TAVARES EMEF,Fundamental I,2009,237.07,212.04,6.343562,0.922254,93.1,100.0,91.2,81.7,92.9,97.6,,,,,5.9,4.9,Original,1.0,Acima da meta,5,4,Básico,Básico
RAPOSO TAVARES EMEF,Fundamental I,2011,246.42,224.06,6.740543,0.904134,89.5,100.0,93.2,83.6,84.5,92.8,,,,,6.1,5.3,Original,0.7999999999999998,Acima da meta,5,4,Adequado,Adequado
RAPOSO TAVARES EMEF,Fundamental I,2013,232.07,221.77,6.425051,0.943681,93.5,100.0,95.1,93.2,92.0,92.0,,,,,6.1,5.6,Original,0.5,Acima da meta,5,4,Básico,Adequado
RAPOSO TAVARES EMEF,Fundamental I,2015,242.78,239.39,6.949804,0.948928,95.8,100.0,100.0,86.1,92.6,97.3,,,,,6.6,5.8,Original,0.7999999999999998,Acima da meta,5,5,Básico,Adequado
RAPOSO TAVARES EMEF,Fundamental I,2017,245.3,252.47,7.235714,0.961457,95.9,100.0,98.0,87.7,98.2,97.9,,,,,7.0,6.1,Original,0.9000000000000004,Acima da meta,5,6,Adequado,Adequado
RAPOSO TAVARES EMEF,Fundamental I,2019,251.74,241.38,7.156978,0.978661,98.0,100.0,93.5,96.2,100.0,100.0,,,,,7.0,6.3,Original,0.7000000000000002,Acima da meta,6,5,Adequado,Adequado
RAPOSO TAVARES EMEF,Fundamental I,2021,252.65,245.92,7.25689,1.0,100.0,100.0,100.0,100.0,100.0,100.0,,,,,7.3,6.6,Original,0.7000000000000002,Acima da meta,6,5,Adequado,Adequado
RAPOSO TAVARES EMEF,Fundamental I,2023,257.43,249.1,7.40593,0.962283,96.0,100.0,97.6,98.2,92.0,93.8,,,,,7.1,6.6,Referência 2021,0.5,Acima da meta,6,5,Adequado,Adequado
RAPOSO TAVARES EMEF,Fundamental I,2025,245.52,245.69,,1.0,100.0,100.0,100.0,100.0,100.0,100.0,,,,,7.1,6.6,Referência 2021,0.5,Acima da meta,5,5,Adequado,Adequado
RAPOSO TAVARES EMEF,Fundamental II,2005,,,,,,,,,,,,,,,,,,,,,,,
RAPOSO TAVARES EMEF,Fundamental II,2007,,,,,,,,,,,,,,,,,Original,,,,,,
RAPOSO TAVARES EMEF,Fundamental II,2009,,,,,,,,,,,,,,,,,Original,,,,,,
RAPOSO TAVARES EMEF,Fundamental II,2011,,,,,,,,,,,,,,,,,Original,,,,,,
RAPOSO TAVARES EMEF,Fundamental II,2013,248.55,234.49,4.717333,0.943329,93.8,,,,,,94.4,88.8,94.8,100.0,4.4,,Original,,,2,2,Básico,Básico
RAPOSO TAVARES EMEF,Fundamental II,2015,277.27,268.94,5.770167,0.954953,95.7,,,,,,87.1,96.1,100.0,100.0,5.5,4.7,Original,0.7999999999999998,Acima da meta,4,3,Básico,Básico
RAPOSO TAVARES EMEF,Fundamental II,2017,286.56,287.15,6.2285,0.951247,95.3,,,,,,95.9,93.1,91.9,100.0,5.9,4.9,Original,1.0,Acima da meta,4,4,Básico,Adequado
RAPOSO TAVARES EMEF,Fundamental II,2019,,,,0.974528,97.1,,,,,,91.8,100.0,98.5,100.0,,5.2,Original,,,,,,
RAPOSO TAVARES EMEF,Fundamental II,2021,289.57,287.31,6.281333,1.0,100.0,,,,,,100.0,100.0,100.0,100.0,6.3,5.4,Original,0.8999999999999995,Acima da meta,4,4,Básico,Adequado
RAPOSO TAVARES EMEF,Fundamental II,2023,284.84,285.82,6.177667,0.971366,97.1,,,,,,95.9,96.3,97.6,98.8,6.0,5.4,Referência 2021,0.5999999999999996,Acima da meta,4,4,Básico,Adequado
RAPOSO TAVARES EMEF,Fundamental II,2025,277.1,277.38,,1.0,100.0,,,,,,100.0,100.0,100.0,100.0,5.9,5.4,Referência 2021,0.5,Acima da meta,4,4,Básico,Adequado
RENATO ROSA PROF EMEF,Fundamental I,2005,,,,,,,,,,,,,,,,,,,,,,,
RENATO ROSA PROF EMEF,Fundamental I,2007,,,,,,,,,,,,,,,,,Original,,,,,,
RENATO ROSA PROF EMEF,Fundamental I,2009,,,,,,,,,,,,,,,,,Original,,,,,,
RENATO ROSA PROF EMEF,Fundamental I,2011,235.42,217.14,6.404801,0.921033,92.1,100.0,88.6,86.4,94.1,92.6,,,,,5.9,,Original,,,5,4,Básico,Básico
RENATO ROSA PROF EMEF,Fundamental I,2013,235.99,226.62,6.588042,0.940395,94.3,100.0,87.6,91.6,94.8,97.2,,,,,6.2,6.1,Original,0.10000000000000053,Acima da meta,5,5,Básico,Adequado
RENATO ROSA PROF EMEF,Fundamental I,2015,,,,,,,,,,,,,,,,6.4,Original,,,,,,
RENATO ROSA PROF EMEF,Fundamental I,2017,,,,,,,,,,,,,,,,6.6,Original,,,,,,
RENATO ROSA PROF EMEF,Fundamental I,2019,,,,,,,,,,,,,,,,6.8,Original,,,,,,
RENATO ROSA PROF EMEF,Fundamental I,2021,,,,,,,,,,,,,,,,7.0,Original,,,,,,
RENATO ROSA PROF EMEF,Fundamental I,2023,234.69,227.34,6.576324,0.990919,99.1,100.0,100.0,99.3,97.7,98.5,,,,,6.5,7.0,Referência 2021,-0.5,Abaixo da meta,5,5,Básico,Adequado
RENATO ROSA PROF EMEF,Fundamental I,2025,222.97,215.02,,0.989739,99.0,100.0,95.9,99.1,100.0,100.0,,,,,6.1,7.0,Referência 2021,-0.9000000000000004,Abaixo da meta,4,4,Básico,Básico
RENATO ROSA PROF EMEF,Fundamental II,2005,,,,,,,,,,,,,,,,,,,,,,,
RENATO ROSA PROF EMEF,Fundamental II,2007,,,,,,,,,,,,,,,,,Original,,,,,,
RENATO ROSA PROF EMEF,Fundamental II,2009,,,,,,,,,,,,,,,,,Original,,,,,,
RENATO ROSA PROF EMEF,Fundamental II,2011,257.73,247.94,5.0945,0.882702,88.7,,,,,,84.0,88.7,90.8,89.9,4.5,,Original,,,3,2,Básico,Básico
RENATO ROSA PROF EMEF,Fundamental II,2013,259.87,260.44,5.3385,0.917043,91.7,,,,,,90.9,93.2,89.9,92.9,4.9,4.7,Original,0.20000000000000018,Acima da meta,3,3,Básico,Básico
RENATO ROSA PROF EMEF,Fundamental II,2015,280.67,274.47,5.919,0.931964,93.0,,,,,,91.8,93.5,90.9,96.8,5.5,5.0,Original,0.5,Acima da meta,4,3,Básico,Adequado
RENATO ROSA PROF EMEF,Fundamental II,2017,289.75,285.89,6.260667,0.930562,92.9,,,,,,93.7,91.9,90.0,96.9,5.8,5.2,Original,0.5999999999999996,Acima da meta,4,4,Básico,Adequado
RENATO ROSA PROF EMEF,Fundamental II,2019,284.36,277.54,6.031667,0.986093,98.6,,,,,,96.8,98.2,99.5,100.0,5.9,5.5,Original,0.40000000000000036,Acima da meta,4,4,Básico,Adequado
RENATO ROSA PROF EMEF,Fundamental II,2021,272.75,281.5,5.904167,0.997227,99.7,,,,,,100.0,100.0,98.9,100.0,5.9,5.7,Original,0.20000000000000018,Acima da meta,3,4,Básico,Adequado
RENATO ROSA PROF EMEF,Fundamental II,2023,257.69,266.78,5.407833,0.982935,98.3,,,,,,98.1,99.2,97.1,98.8,5.3,5.7,Referência 2021,-0.40000000000000036,Abaixo da meta,3,3,Básico,Básico
RENATO ROSA PROF EMEF,Fundamental II,2025,251.9,260.06,,0.977814,97.7,,,,,,98.6,97.1,96.0,99.5,5.1,5.7,Referência 2021,-0.6000000000000005,Abaixo da meta,3,3,Básico,Básico
RITA DE CASSIA CAMARGO ROCHA PROFA EMEF,Fundamental I,2005,,,,,,,,,,,,,,,,,,,,,,,
RITA DE CASSIA CAMARGO ROCHA PROFA EMEF,Fundamental I,2007,,,,,,,,,,,,,,,,,Original,,,,,,
RITA DE CASSIA CAMARGO ROCHA PROFA EMEF,Fundamental I,2009,,,,,,,,,,,,,,,,,Original,,,,,,
RITA DE CASSIA CAMARGO ROCHA PROFA EMEF,Fundamental I,2011,,,,,,,,,,,,,,,,,Original,,,,,,
RITA DE CASSIA CAMARGO ROCHA PROFA EMEF,Fundamental I,2013,,,,,,,,,,,,,,,,,Original,,,,,,
RITA DE CASSIA CAMARGO ROCHA PROFA EMEF,Fundamental I,2015,,,,,,,,,,,,,,,,,Original,,,,,,
RITA DE CASSIA CAMARGO ROCHA PROFA EMEF,Fundamental I,2017,,,,,,,,,,,,,,,,,Original,,,,,,
RITA DE CASSIA CAMARGO ROCHA PROFA EMEF,Fundamental I,2019,217.48,208.74,5.909707,0.985287,99.0,100.0,,,,97.1,,,,,5.8,,Original,,,4,4,Básico,Básico
RITA DE CASSIA CAMARGO ROCHA PROFA EMEF,Fundamental I,2021,,,,,,,,,,,,,,,,6.1,Original,,,,,,
RITA DE CASSIA CAMARGO ROCHA PROFA EMEF,Fundamental I,2023,,,,,,,,,,,,,,,,6.1,Referência 2021,,,,,,
RITA DE CASSIA CAMARGO ROCHA PROFA EMEF,Fundamental I,2025,,,,,,,,,,,,,,,,6.1,Referência 2021,,,,,,
RITA DE CASSIA CAMARGO ROCHA PROFA EMEF,Fundamental II,2005,,,,,,,,,,,,,,,,,,,,,,,
RITA DE CASSIA CAMARGO ROCHA PROFA EMEF,Fundamental II,2007,,,,,,,,,,,,,,,,,Original,,,,,,
RITA DE CASSIA CAMARGO ROCHA PROFA EMEF,Fundamental II,2009,,,,,,,,,,,,,,,,,Original,,,,,,
RITA DE CASSIA CAMARGO ROCHA PROFA EMEF,Fundamental II,2011,258.88,250.73,5.160167,0.924322,92.3,,,,,,,93.3,90.0,94.1,4.8,,Original,,,3,3,Básico,Básico
RITA DE CASSIA CAMARGO ROCHA PROFA EMEF,Fundamental II,2013,258.58,245.42,5.066667,0.924125,93.4,,,,,,89.6,91.5,91.6,97.3,4.7,5.0,Original,-0.2999999999999998,Abaixo da meta,3,2,Básico,Básico
RITA DE CASSIA CAMARGO ROCHA PROFA EMEF,Fundamental II,2015,268.29,267.91,5.603333,0.934507,93.8,,,,,,95.2,88.6,92.7,97.8,5.2,5.3,Original,-0.09999999999999964,Abaixo da meta,3,3,Básico,Básico
RITA DE CASSIA CAMARGO ROCHA PROFA EMEF,Fundamental II,2017,263.67,269.47,5.552333,0.919004,92.8,,,,,,93.3,87.8,96.0,90.9,5.1,5.5,Original,-0.40000000000000036,Abaixo da meta,3,3,Básico,Básico
RITA DE CASSIA CAMARGO ROCHA PROFA EMEF,Fundamental II,2019,274.15,263.78,5.632167,0.947963,94.2,,,,,,96.7,87.1,96.4,100.0,5.3,5.7,Original,-0.40000000000000036,Abaixo da meta,3,3,Básico,Básico
RITA DE CASSIA CAMARGO ROCHA PROFA EMEF,Fundamental II,2021,273.66,278.88,5.875667,1.0,100.0,,,,,,,100.0,100.0,100.0,5.9,6.0,Original,-0.09999999999999964,Abaixo da meta,3,4,Básico,Adequado
RITA DE CASSIA CAMARGO ROCHA PROFA EMEF,Fundamental II,2023,,,,,,,,,,,,,,,,6.0,Referência 2021,,,,,,
RITA DE CASSIA CAMARGO ROCHA PROFA EMEF,Fundamental II,2025,,,,,,,,,,,,,,,,6.0,Referência 2021,,,,,,
RITA DE JESUS EMEF,Fundamental I,2005,,,,,,,,,,,,,,,,,,,,,,,
RITA DE JESUS EMEF,Fundamental I,2007,,,,,,,,,,,,,,,,,Original,,,,,,
RITA DE JESUS EMEF,Fundamental I,2009,,,,,,,,,,,,,,,,,Original,,,,,,
RITA DE JESUS EMEF,Fundamental I,2011,235.54,216.29,6.391636,0.947082,95.6,100.0,90.7,91.0,96.0,96.5,,,,,6.1,,Original,,,5,4,Básico,Básico
RITA DE JESUS EMEF,Fundamental I,2013,204.21,190.89,5.331917,0.870425,87.2,100.0,82.0,77.1,88.3,91.3,,,,,4.6,6.3,Original,-1.7000000000000002,Abaixo da meta,4,3,Básico,Básico
RITA DE JESUS EMEF,Fundamental I,2015,228.08,225.32,6.413452,0.959946,96.1,100.0,100.0,93.9,93.7,92.9,,,,,6.2,6.5,Original,-0.2999999999999998,Abaixo da meta,5,5,Básico,Adequado
RITA DE JESUS EMEF,Fundamental I,2017,232.13,226.81,6.517833,0.948238,94.7,100.0,99.4,89.3,93.0,93.3,,,,,6.2,6.7,Original,-0.5,Abaixo da meta,5,5,Básico,Adequado
RITA DE JESUS EMEF,Fundamental I,2019,233.87,219.92,6.425766,0.964655,96.6,100.0,95.6,92.3,96.1,98.7,,,,,6.2,6.9,Original,-0.7000000000000002,Abaixo da meta,5,4,Básico,Adequado
RITA DE JESUS EMEF,Fundamental I,2021,225.88,219.51,6.265831,1.0,100.0,100.0,100.0,100.0,100.0,100.0,,,,,6.3,7.1,Original,-0.7999999999999998,Abaixo da meta,5,4,Básico,Adequado
RITA DE JESUS EMEF,Fundamental I,2023,218.64,204.1,5.847481,0.952748,95.2,100.0,96.9,90.4,94.2,95.4,,,,,5.6,7.1,Referência 2021,-1.5,Abaixo da meta,4,4,Básico,Básico
RITA DE JESUS EMEF,Fundamental I,2025,223.63,214.54,,0.976362,97.6,98.8,97.2,97.7,97.1,97.4,,,,,6.0,7.1,Referência 2021,-1.0999999999999996,Abaixo da meta,4,4,Básico,Básico
RITA DE JESUS EMEF,Fundamental II,2005,242.66,223.4,4.434282,0.89677,89.3,,,,,,88.0,88.9,87.9,94.2,4.0,,,,,2,1,Básico,Abaixo do básico
RITA DE JESUS EMEF,Fundamental II,2007,247.29,233.03,4.672,0.877909,87.8,,,,,,86.3,88.0,88.6,88.3,4.1,4.0,Original,0.09999999999999964,Acima da meta,2,2,Básico,Básico
RITA DE JESUS EMEF,Fundamental II,2009,261.47,251.34,5.2135,0.85191,85.0,,,,,,83.4,82.7,81.9,93.8,4.4,4.2,Original,0.20000000000000018,Acima da meta,3,3,Básico,Básico
RITA DE JESUS EMEF,Fundamental II,2011,277.25,265.26,5.7085,0.891149,89.5,,,,,,86.8,87.5,89.6,92.8,5.1,4.4,Original,0.6999999999999993,Acima da meta,4,3,Básico,Básico
RITA DE JESUS EMEF,Fundamental II,2013,256.39,253.77,5.169333,0.894887,90.5,,,,,,86.8,86.8,89.4,95.5,4.6,4.8,Original,-0.20000000000000018,Abaixo da meta,3,3,Básico,Básico
RITA DE JESUS EMEF,Fundamental II,2015,268.67,271.13,5.663333,0.866429,87.2,,,,,,86.5,78.9,86.6,96.3,4.9,5.2,Original,-0.2999999999999998,Abaixo da meta,3,3,Básico,Básico
RITA DE JESUS EMEF,Fundamental II,2017,266.52,269.53,5.600833,0.89549,88.9,,,,,,87.4,87.3,89.1,94.8,5.0,5.4,Original,-0.40000000000000036,Abaixo da meta,3,3,Básico,Básico
RITA DE JESUS EMEF,Fundamental II,2019,275.05,273.7,5.8125,0.945024,94.5,,,,,,95.0,91.0,93.1,99.3,5.5,5.7,Original,-0.20000000000000018,Abaixo da meta,4,3,Básico,Básico
RITA DE JESUS EMEF,Fundamental II,2021,267.94,268.14,5.601333,0.995472,99.5,,,,,,98.7,100.0,99.5,100.0,5.6,5.9,Original,-0.3000000000000007,Abaixo da meta,3,3,Básico,Básico
RITA DE JESUS EMEF,Fundamental II,2023,251.94,249.59,5.0255,0.965309,96.5,,,,,,99.2,94.2,93.1,100.0,4.9,5.9,Referência 2021,-1.0,Abaixo da meta,3,2,Básico,Básico
RITA DE JESUS EMEF,Fundamental II,2025,271.31,266.79,,0.971957,97.0,,,,,,97.2,93.7,98.1,100.0,5.5,5.9,Referência 2021,-0.40000000000000036,Abaixo da meta,3,3,Básico,Básico
ROBERTO LUIS DE ARAUJO BRANDAO EMEF,Fundamental I,2005,,,,,,,,,,,,,,,,,,,,,,,
ROBERTO LUIS DE ARAUJO BRANDAO EMEF,Fundamental I,2007,,,,,,,,,,,,,,,,,Original,,,,,,
ROBERTO LUIS DE ARAUJO BRANDAO EMEF,Fundamental I,2009,,,,,,,,,,,,,,,,,Original,,,,,,
ROBERTO LUIS DE ARAUJO BRANDAO EMEF,Fundamental I,2011,214.71,198.03,5.662117,0.9216,92.1,98.3,89.1,92.9,89.1,92.0,,,,,5.2,,Original,,,4,3,Básico,Básico
ROBERTO LUIS DE ARAUJO BRANDAO EMEF,Fundamental I,2013,202.94,194.58,5.374772,0.889975,88.5,100.0,86.4,88.7,84.0,87.5,,,,,4.8,5.5,Original,-0.7000000000000002,Abaixo da meta,4,3,Abaixo do básico,Básico
ROBERTO LUIS DE ARAUJO BRANDAO EMEF,Fundamental I,2015,218.51,215.19,6.046636,0.911547,92.0,96.3,100.0,79.6,84.0,100.0,,,,,5.5,5.7,Original,-0.20000000000000018,Abaixo da meta,4,4,Básico,Básico
ROBERTO LUIS DE ARAUJO BRANDAO EMEF,Fundamental I,2017,222.21,205.29,5.937247,0.964209,96.3,100.0,98.2,95.7,89.1,100.0,,,,,5.7,6.0,Original,-0.2999999999999998,Abaixo da meta,4,4,Básico,Básico
ROBERTO LUIS DE ARAUJO BRANDAO EMEF,Fundamental I,2019,,,,0.990016,99.0,100.0,100.0,96.6,98.5,100.0,,,,,,6.2,Original,,,,,,
ROBERTO LUIS DE ARAUJO BRANDAO EMEF,Fundamental I,2021,222.63,216.74,6.153444,1.0,100.0,100.0,100.0,100.0,100.0,100.0,,,,,6.2,6.5,Original,-0.2999999999999998,Abaixo da meta,4,4,Básico,Básico
ROBERTO LUIS DE ARAUJO BRANDAO EMEF,Fundamental I,2023,241.63,224.16,6.650949,0.989827,98.9,100.0,100.0,96.8,98.2,100.0,,,,,6.6,6.5,Referência 2021,0.09999999999999964,Acima da meta,5,4,Básico,Adequado
ROBERTO LUIS DE ARAUJO BRANDAO EMEF,Fundamental I,2025,219.43,200.41,,0.986479,98.7,97.7,97.8,97.8,100.0,100.0,,,,,5.7,6.5,Referência 2021,-0.7999999999999998,Abaixo da meta,4,4,Básico,Básico
ROBERTO LUIS DE ARAUJO BRANDAO EMEF,Fundamental II,2005,241.99,230.88,4.547803,0.860086,86.1,,,,,,87.5,82.5,85.5,88.8,3.9,,,,,2,2,Básico,Básico
ROBERTO LUIS DE ARAUJO BRANDAO EMEF,Fundamental II,2007,258.85,252.96,5.196833,0.914184,91.4,,,,,,90.7,92.3,90.6,92.1,4.8,3.9,Original,0.8999999999999999,Acima da meta,3,3,Básico,Básico
ROBERTO LUIS DE ARAUJO BRANDAO EMEF,Fundamental II,2009,244.79,243.53,4.805333,0.93189,93.1,,,,,,93.1,91.6,93.9,94.2,4.5,4.1,Original,0.40000000000000036,Acima da meta,2,2,Básico,Básico
ROBERTO LUIS DE ARAUJO BRANDAO EMEF,Fundamental II,2011,257.22,259.94,5.286,0.871815,89.2,,,,,,81.6,85.0,90.3,92.7,4.6,4.4,Original,0.1999999999999993,Acima da meta,3,3,Básico,Básico
ROBERTO LUIS DE ARAUJO BRANDAO EMEF,Fundamental II,2013,246.21,238.86,4.751167,0.897684,92.0,,,,,,87.7,92.9,82.4,97.5,4.3,4.8,Original,-0.5,Abaixo da meta,2,2,Básico,Básico
ROBERTO LUIS DE ARAUJO BRANDAO EMEF,Fundamental II,2015,253.71,257.71,5.190333,0.907106,91.7,,,,,,82.4,94.6,87.8,100.0,4.7,5.1,Original,-0.39999999999999947,Abaixo da meta,3,3,Básico,Básico
ROBERTO LUIS DE ARAUJO BRANDAO EMEF,Fundamental II,2017,250.88,260.57,5.190833,0.957055,95.7,,,,,,94.5,97.9,95.9,94.6,5.0,5.4,Original,-0.40000000000000036,Abaixo da meta,3,3,Básico,Básico
ROBERTO LUIS DE ARAUJO BRANDAO EMEF,Fundamental II,2019,,,,0.990664,99.1,,,,,,98.1,98.2,100.0,100.0,,5.6,Original,,,,,,
ROBERTO LUIS DE ARAUJO BRANDAO EMEF,Fundamental II,2021,264.33,269.77,5.568333,0.995951,99.6,,,,,,98.4,100.0,100.0,100.0,5.5,5.9,Original,-0.40000000000000036,Abaixo da meta,3,3,Básico,Básico
ROBERTO LUIS DE ARAUJO BRANDAO EMEF,Fundamental II,2023,250.75,273.56,5.405167,0.991541,99.1,,,,,,96.7,100.0,100.0,100.0,5.4,5.9,Referência 2021,-0.5,Abaixo da meta,3,3,Básico,Básico
ROBERTO LUIS DE ARAUJO BRANDAO EMEF,Fundamental II,2025,227.09,230.65,,0.971886,97.2,,,,,,96.1,97.8,95.0,100.0,4.2,5.9,Referência 2021,-1.7000000000000002,Abaixo da meta,2,2,Básico,Básico
SANDRO LUIZ BRAGA EMEF,Fundamental I,2005,207.34,211.81,5.772072,0.978809,98.2,,100.0,94.5,98.5,98.7,,,,,5.6,,,,,4,4,Básico,Básico
SANDRO LUIZ BRAGA EMEF,Fundamental I,2007,206.22,185.57,5.273549,0.9265,91.7,100.0,85.7,0.0,90.1,96.1,,,,,4.9,5.7,Original,-0.7999999999999998,Abaixo da meta,4,3,Básico,Básico
SANDRO LUIZ BRAGA EMEF,Fundamental I,2009,,,,0.95095,95.5,100.0,90.3,91.0,100.0,,,,,,,6.0,Original,,,,,,
SANDRO LUIZ BRAGA EMEF,Fundamental I,2011,246.52,219.28,6.655542,0.961513,95.8,100.0,94.9,93.8,93.8,98.6,,,,,6.4,6.3,Original,0.10000000000000053,Acima da meta,5,4,Adequado,Adequado
SANDRO LUIZ BRAGA EMEF,Fundamental I,2013,214.09,205.54,5.786831,0.91644,91.0,100.0,82.5,91.7,97.6,88.6,,,,,5.3,6.6,Original,-1.2999999999999998,Abaixo da meta,4,4,Básico,Básico
SANDRO LUIZ BRAGA EMEF,Fundamental I,2015,223.41,229.1,6.393057,0.980554,97.8,100.0,100.0,92.7,100.0,98.0,,,,,6.3,6.8,Original,-0.5,Abaixo da meta,4,5,Básico,Adequado
SANDRO LUIZ BRAGA EMEF,Fundamental I,2017,228.45,228.87,6.485058,0.925039,94.2,100.0,100.0,92.9,80.0,92.7,,,,,6.0,7.0,Original,-1.0,Abaixo da meta,5,5,Básico,Adequado
SANDRO LUIZ BRAGA EMEF,Fundamental I,2019,265.75,249.46,7.571254,0.962828,95.9,100.0,95.7,87.1,100.0,100.0,,,,,7.3,7.2,Original,0.09999999999999964,Acima da meta,6,5,Adequado,Adequado
SANDRO LUIZ BRAGA EMEF,Fundamental I,2021,236.7,228.83,6.641774,1.0,100.0,100.0,100.0,100.0,100.0,100.0,,,,,6.6,7.4,Original,-0.8000000000000007,Abaixo da meta,5,5,Básico,Adequado
SANDRO LUIZ BRAGA EMEF,Fundamental I,2023,248.48,240.0,7.069674,0.986272,98.6,97.8,100.0,97.4,98.0,100.0,,,,,7.0,7.4,Referência 2021,-0.40000000000000036,Abaixo da meta,5,5,Adequado,Adequado
SANDRO LUIZ BRAGA EMEF,Fundamental I,2025,242.5,232.31,,0.990664,99.1,100.0,95.5,100.0,100.0,100.0,,,,,6.8,7.4,Referência 2021,-0.6000000000000005,Abaixo da meta,5,5,Básico,Adequado
SANDRO LUIZ BRAGA EMEF,Fundamental II,2005,,,,,,,,,,,,,,,,,,,,,,,
SANDRO LUIZ BRAGA EMEF,Fundamental II,2007,,,,,,,,,,,,,,,,,Original,,,,,,
SANDRO LUIZ BRAGA EMEF,Fundamental II,2009,,,,,,,,,,,,,,,,,Original,,,,,,
SANDRO LUIZ BRAGA EMEF,Fundamental II,2011,,,,,,,,,,,,,,,,,Original,,,,,,
SANDRO LUIZ BRAGA EMEF,Fundamental II,2013,,,,,,,,,,,,,,,,,Original,,,,,,
SANDRO LUIZ BRAGA EMEF,Fundamental II,2015,269.09,269.23,5.638667,0.795378,80.5,,,,,,66.7,82.0,80.3,93.9,4.5,,Original,,,3,3,Básico,Básico
SANDRO LUIZ BRAGA EMEF,Fundamental II,2017,265.81,271.79,5.626667,0.902855,91.4,,,,,,91.1,84.1,89.7,97.2,5.1,4.7,Original,0.39999999999999947,Acima da meta,3,3,Básico,Básico
SANDRO LUIZ BRAGA EMEF,Fundamental II,2019,291.15,280.48,6.193833,0.913357,91.4,,,,,,89.5,88.5,90.2,97.7,5.7,5.0,Original,0.7000000000000002,Acima da meta,4,4,Básico,Adequado
SANDRO LUIZ BRAGA EMEF,Fundamental II,2021,268.97,263.95,5.548667,1.0,100.0,,,,,,100.0,100.0,100.0,100.0,5.5,5.2,Original,0.2999999999999998,Acima da meta,3,3,Básico,Básico
SANDRO LUIZ BRAGA EMEF,Fundamental II,2023,270.03,271.11,5.685667,0.989133,99.0,,,,,,97.9,100.0,97.8,100.0,5.6,5.2,Referência 2021,0.39999999999999947,Acima da meta,3,3,Básico,Básico
SANDRO LUIZ BRAGA EMEF,Fundamental II,2025,,,,0.984718,98.6,,,,,,100.0,98.0,96.0,100.0,,5.2,Referência 2021,,,,,,
SIDNEY SANTUCCI PROF EMEF,Fundamental I,2005,,,,,,,,,,,,,,,,,,,,,,,
SIDNEY SANTUCCI PROF EMEF,Fundamental I,2007,,,,,,,,,,,,,,,,,Original,,,,,,
SIDNEY SANTUCCI PROF EMEF,Fundamental I,2009,,,,,,,,,,,,,,,,,Original,,,,,,
SIDNEY SANTUCCI PROF EMEF,Fundamental I,2011,214.37,202.49,5.73672,0.888429,89.0,96.6,81.0,92.5,86.6,89.1,,,,,5.1,,Original,,,4,4,Básico,Básico
SIDNEY SANTUCCI PROF EMEF,Fundamental I,2013,210.6,196.13,5.549137,0.901912,90.6,100.0,92.0,89.5,93.7,78.6,,,,,5.0,5.4,Original,-0.40000000000000036,Abaixo da meta,4,3,Básico,Básico
SIDNEY SANTUCCI PROF EMEF,Fundamental I,2015,216.39,209.63,5.905087,0.959133,95.9,98.8,96.5,93.1,91.7,100.0,,,,,5.7,5.6,Original,0.10000000000000053,Acima da meta,4,4,Básico,Básico
SIDNEY SANTUCCI PROF EMEF,Fundamental I,2017,222.62,211.07,6.050162,0.969018,96.9,97.1,98.8,93.3,97.6,97.9,,,,,5.9,5.9,Original,0.0,Atingiu a meta,4,4,Básico,Básico
SIDNEY SANTUCCI PROF EMEF,Fundamental I,2019,,,,0.948169,95.2,100.0,88.0,91.3,96.0,100.0,,,,,,6.1,Original,,,,,,
SIDNEY SANTUCCI PROF EMEF,Fundamental I,2021,227.25,222.88,6.353248,0.995521,99.6,100.0,100.0,97.8,100.0,100.0,,,,,6.3,6.4,Original,-0.10000000000000053,Abaixo da meta,5,4,Básico,Adequado
SIDNEY SANTUCCI PROF EMEF,Fundamental I,2023,235.34,230.79,6.651456,0.96155,96.0,100.0,96.2,94.2,94.3,96.3,,,,,6.4,6.4,Referência 2021,0.0,Atingiu a meta,5,5,Básico,Adequado
SIDNEY SANTUCCI PROF EMEF,Fundamental I,2025,219.82,210.56,,0.978989,97.9,98.8,97.5,97.6,95.7,100.0,,,,,5.9,6.4,Referência 2021,-0.5,Abaixo da meta,4,4,Básico,Básico
SIDNEY SANTUCCI PROF EMEF,Fundamental II,2005,,,,,,,,,,,,,,,,,,,,,,,
SIDNEY SANTUCCI PROF EMEF,Fundamental II,2007,,,,,,,,,,,,,,,,,Original,,,,,,
SIDNEY SANTUCCI PROF EMEF,Fundamental II,2009,,,,,,,,,,,,,,,,,Original,,,,,,
SIDNEY SANTUCCI PROF EMEF,Fundamental II,2011,257.86,256.8,5.244333,0.913897,91.6,,,,,,89.8,92.3,92.0,91.5,4.8,,Original,,,3,3,Básico,Básico
SIDNEY SANTUCCI PROF EMEF,Fundamental II,2013,258.64,236.1,4.912333,0.912943,91.3,,,,,,89.5,93.8,90.1,91.9,4.5,5.0,Original,-0.5,Abaixo da meta,3,2,Básico,Básico
SIDNEY SANTUCCI PROF EMEF,Fundamental II,2015,271.63,264.69,5.605333,0.909337,90.9,,,,,,85.0,87.0,95.2,97.8,5.1,5.3,Original,-0.20000000000000018,Abaixo da meta,3,3,Básico,Básico
SIDNEY SANTUCCI PROF EMEF,Fundamental II,2017,288.39,285.87,6.237667,0.938582,93.8,,,,,,95.7,88.8,93.8,97.6,5.9,5.5,Original,0.40000000000000036,Acima da meta,4,4,Básico,Adequado
SIDNEY SANTUCCI PROF EMEF,Fundamental II,2019,272.5,267.28,5.663,0.969155,96.9,,,,,,96.3,93.5,98.1,100.0,5.5,5.7,Original,-0.20000000000000018,Abaixo da meta,3,3,Básico,Básico
SIDNEY SANTUCCI PROF EMEF,Fundamental II,2021,279.99,272.77,5.879333,1.0,100.0,,,,,,100.0,100.0,100.0,100.0,5.9,6.0,Original,-0.09999999999999964,Abaixo da meta,4,3,Básico,Básico
SIDNEY SANTUCCI PROF EMEF,Fundamental II,2023,281.71,279.68,6.023167,0.960626,96.0,,,,,,95.2,92.6,97.8,98.9,5.8,6.0,Referência 2021,-0.20000000000000018,Abaixo da meta,4,4,Básico,Adequado
SIDNEY SANTUCCI PROF EMEF,Fundamental II,2025,253.17,251.76,,0.976284,97.5,,,,,,96.2,97.7,96.7,100.0,5.0,6.0,Referência 2021,-1.0,Abaixo da meta,3,3,Básico,Básico
SUZETE DA COSTA E SILVA MARIANO PROFA EMEF,Fundamental I,2005,,,,,,,,,,,,,,,,,,,,,,,
SUZETE DA COSTA E SILVA MARIANO PROFA EMEF,Fundamental I,2007,,,,,,,,,,,,,,,,,Original,,,,,,
SUZETE DA COSTA E SILVA MARIANO PROFA EMEF,Fundamental I,2009,205.27,200.83,5.532874,0.966,96.6,,,,,96.6,,,,,5.3,,Original,,,4,4,Básico,Básico
SUZETE DA COSTA E SILVA MARIANO PROFA EMEF,Fundamental I,2011,,,,,,,,,,,,,,,,5.6,Original,,,,,,
SUZETE DA COSTA E SILVA MARIANO PROFA EMEF,Fundamental I,2013,,,,,,,,,,,,,,,,5.9,Original,,,,,,
SUZETE DA COSTA E SILVA MARIANO PROFA EMEF,Fundamental I,2015,,,,,,,,,,,,,,,,6.1,Original,,,,,,
SUZETE DA COSTA E SILVA MARIANO PROFA EMEF,Fundamental I,2017,,,,,,,,,,,,,,,,6.3,Original,,,,,,
SUZETE DA COSTA E SILVA MARIANO PROFA EMEF,Fundamental I,2019,,,,,,,,,,,,,,,,6.6,Original,,,,,,
SUZETE DA COSTA E SILVA MARIANO PROFA EMEF,Fundamental I,2021,,,,,,,,,,,,,,,,6.8,Original,,,,,,
SUZETE DA COSTA E SILVA MARIANO PROFA EMEF,Fundamental I,2023,,,,,,,,,,,,,,,,6.8,Referência 2021,,,,,,
SUZETE DA COSTA E SILVA MARIANO PROFA EMEF,Fundamental I,2025,,,,,,,,,,,,,,,,6.8,Referência 2021,,,,,,
SUZETE DA COSTA E SILVA MARIANO PROFA EMEF,Fundamental II,2005,,,,,,,,,,,,,,,,,,,,,,,
SUZETE DA COSTA E SILVA MARIANO PROFA EMEF,Fundamental II,2007,,,,,,,,,,,,,,,,,Original,,,,,,
SUZETE DA COSTA E SILVA MARIANO PROFA EMEF,Fundamental II,2009,267.25,258.53,5.429667,0.972109,97.2,,,,,,95.3,,,99.2,5.3,,Original,,,3,3,Básico,Básico
SUZETE DA COSTA E SILVA MARIANO PROFA EMEF,Fundamental II,2011,282.2,278.84,6.017333,0.952836,95.3,,,,,,93.9,97.1,94.4,95.8,5.7,5.4,Original,0.2999999999999998,Acima da meta,4,4,Básico,Adequado
SUZETE DA COSTA E SILVA MARIANO PROFA EMEF,Fundamental II,2013,270.73,259.58,5.505167,0.930178,92.9,,,,,,90.3,95.5,95.2,91.3,5.1,5.7,Original,-0.6000000000000005,Abaixo da meta,3,3,Básico,Básico
SUZETE DA COSTA E SILVA MARIANO PROFA EMEF,Fundamental II,2015,270.23,265.49,5.595333,0.951878,95.2,,,,,,95.2,94.5,93.0,98.2,5.3,6.0,Original,-0.7000000000000002,Abaixo da meta,3,3,Básico,Básico
SUZETE DA COSTA E SILVA MARIANO PROFA EMEF,Fundamental II,2017,266.91,272.54,5.6575,0.99241,99.3,,,,,,99.3,97.7,100.0,100.0,5.6,6.2,Original,-0.6000000000000005,Abaixo da meta,3,3,Básico,Básico
SUZETE DA COSTA E SILVA MARIANO PROFA EMEF,Fundamental II,2019,290.25,280.56,6.180167,0.992183,99.1,,,,,,98.1,98.8,100.0,100.0,6.1,6.4,Original,-0.3000000000000007,Abaixo da meta,4,4,Básico,Adequado
SUZETE DA COSTA E SILVA MARIANO PROFA EMEF,Fundamental II,2021,276.4,280.82,5.953667,0.998493,99.8,,,,,,100.0,100.0,100.0,99.4,5.9,6.6,Original,-0.6999999999999993,Abaixo da meta,4,4,Básico,Adequado
SUZETE DA COSTA E SILVA MARIANO PROFA EMEF,Fundamental II,2023,275.57,280.16,5.928833,0.993483,99.3,,,,,,100.0,99.4,99.0,99.0,5.9,6.6,Referência 2021,-0.6999999999999993,Abaixo da meta,4,4,Básico,Adequado
SUZETE DA COSTA E SILVA MARIANO PROFA EMEF,Fundamental II,2025,256.34,262.74,,0.98721,98.8,,,,,,99.3,98.1,98.1,99.4,5.2,6.6,Referência 2021,-1.3999999999999995,Abaixo da meta,3,3,Básico,Básico
TARO MIZUTORI PROF EMEIEF,Fundamental I,2005,,,,,,,,,,,,,,,,,,,,,,,
TARO MIZUTORI PROF EMEIEF,Fundamental I,2007,203.4,180.2,5.122096,0.89797,90.4,,85.3,88.6,91.3,94.5,,,,,4.6,,Original,,,4,3,Abaixo do básico,Básico
TARO MIZUTORI PROF EMEIEF,Fundamental I,2009,,,,,,,,,,,,,,,,4.8,Original,,,,,,
TARO MIZUTORI PROF EMEIEF,Fundamental I,2011,,,,,,,,,,,,,,,,5.1,Original,,,,,,
TARO MIZUTORI PROF EMEIEF,Fundamental I,2013,,,,,,,,,,,,,,,,5.4,Original,,,,,,
TARO MIZUTORI PROF EMEIEF,Fundamental I,2015,,,,,,,,,,,,,,,,5.6,Original,,,,,,
TARO MIZUTORI PROF EMEIEF,Fundamental I,2017,,,,,,,,,,,,,,,,5.9,Original,,,,,,
TARO MIZUTORI PROF EMEIEF,Fundamental I,2019,244.38,227.82,6.769975,1.0,100.0,100.0,100.0,100.0,100.0,100.0,,,,,6.8,6.2,Original,0.5999999999999996,Acima da meta,5,5,Adequado,Adequado
TARO MIZUTORI PROF EMEIEF,Fundamental I,2021,227.21,226.22,6.413212,1.0,100.0,100.0,100.0,100.0,100.0,100.0,,,,,6.4,6.4,Original,0.0,Atingiu a meta,5,5,Básico,Adequado
TARO MIZUTORI PROF EMEIEF,Fundamental I,2023,223.21,224.02,6.296876,1.0,100.0,100.0,100.0,100.0,100.0,100.0,,,,,6.3,6.4,Referência 2021,-0.10000000000000053,Abaixo da meta,4,4,Básico,Adequado
TARO MIZUTORI PROF EMEIEF,Fundamental I,2025,231.79,213.63,,0.995521,99.5,100.0,100.0,100.0,100.0,97.8,,,,,6.2,6.4,Referência 2021,-0.20000000000000018,Abaixo da meta,5,4,Básico,Básico
TARO MIZUTORI PROF EMEIEF,Fundamental II,2005,255.89,236.51,4.87326,0.867353,86.5,,,,,,80.6,91.1,90.6,85.5,4.2,,,,,3,2,Básico,Básico
TARO MIZUTORI PROF EMEIEF,Fundamental II,2007,243.55,233.48,4.617167,0.836688,84.8,,,,,,75.7,88.3,83.7,88.3,3.9,4.3,Original,-0.3999999999999999,Abaixo da meta,2,2,Básico,Básico
TARO MIZUTORI PROF EMEIEF,Fundamental II,2009,243.96,245.77,4.828833,0.863818,87.3,,,,,,,78.2,85.5,97.6,4.2,4.4,Original,-0.20000000000000018,Abaixo da meta,2,2,Básico,Básico
TARO MIZUTORI PROF EMEIEF,Fundamental II,2011,269.24,256.48,5.428667,0.943408,94.9,,,,,,88.9,92.2,98.9,98.1,5.1,4.7,Original,0.39999999999999947,Acima da meta,3,3,Básico,Básico
TARO MIZUTORI PROF EMEIEF,Fundamental II,2013,265.95,253.58,5.3255,0.904436,90.3,,,,,,89.2,85.2,90.9,97.3,4.8,5.1,Original,-0.2999999999999998,Abaixo da meta,3,3,Básico,Básico
TARO MIZUTORI PROF EMEIEF,Fundamental II,2015,270.76,267.17,5.632167,0.906127,90.6,,,,,,86.4,87.7,90.7,98.6,5.1,5.4,Original,-0.3000000000000007,Abaixo da meta,3,3,Básico,Básico
TARO MIZUTORI PROF EMEIEF,Fundamental II,2017,,,,0.990125,99.0,,,,,,100.0,97.3,98.8,100.0,,5.7,Original,,,,,,
TARO MIZUTORI PROF EMEIEF,Fundamental II,2019,269.06,261.4,5.507667,1.0,100.0,,,,,,100.0,100.0,100.0,100.0,5.5,5.9,Original,-0.40000000000000036,Abaixo da meta,3,3,Básico,Básico
TARO MIZUTORI PROF EMEIEF,Fundamental II,2021,263.85,256.56,5.340167,1.0,100.0,,,,,,100.0,100.0,100.0,100.0,5.3,6.1,Original,-0.7999999999999998,Abaixo da meta,3,3,Básico,Básico
TARO MIZUTORI PROF EMEIEF,Fundamental II,2023,263.28,278.1,5.689667,0.990221,99.0,,,,,,100.0,100.0,96.2,100.0,5.6,6.1,Referência 2021,-0.5,Abaixo da meta,3,4,Básico,Adequado
TARO MIZUTORI PROF EMEIEF,Fundamental II,2025,260.63,262.28,,0.979851,97.9,,,,,,100.0,96.2,95.9,100.0,5.3,6.1,Referência 2021,-0.7999999999999998,Abaixo da meta,3,3,Básico,Básico
TARSO DE CASTRO EMEF,Fundamental I,2005,173.24,171.95,4.396556,0.880285,88.2,,88.8,83.7,91.8,88.2,,,,,3.9,,,,,2,2,Abaixo do básico,Abaixo do básico
TARSO DE CASTRO EMEF,Fundamental I,2007,200.14,188.85,5.217155,0.922044,92.3,,,,94.3,90.2,,,,,4.8,3.9,Original,0.8999999999999999,Acima da meta,4,3,Abaixo do básico,Básico
TARSO DE CASTRO EMEF,Fundamental I,2009,,,,,,,,,,,,,,,,4.3,Original,,,,,,
TARSO DE CASTRO EMEF,Fundamental I,2011,,,,,,,,,,,,,,,,4.7,Original,,,,,,
TARSO DE CASTRO EMEF,Fundamental I,2013,,,,,,,,,,,,,,,,5.0,Original,,,,,,
TARSO DE CASTRO EMEF,Fundamental I,2015,,,,,,,,,,,,,,,,5.2,Original,,,,,,
TARSO DE CASTRO EMEF,Fundamental I,2017,,,,,,,,,,,,,,,,5.5,Original,,,,,,
TARSO DE CASTRO EMEF,Fundamental I,2019,,,,,,,,,,,,,,,,5.8,Original,,,,,,
TARSO DE CASTRO EMEF,Fundamental I,2021,,,,,,,,,,,,,,,,6.1,Original,,,,,,
TARSO DE CASTRO EMEF,Fundamental I,2023,,,,,,,,,,,,,,,,6.1,Referência 2021,,,,,,
TARSO DE CASTRO EMEF,Fundamental I,2025,,,,,,,,,,,,,,,,6.1,Referência 2021,,,,,,
TARSO DE CASTRO EMEF,Fundamental II,2005,,,,,,,,,,,,,,,,,,,,,,,
TARSO DE CASTRO EMEF,Fundamental II,2007,235.89,221.49,4.289667,0.925845,92.6,,,,,,94.9,89.9,90.5,95.3,4.0,,Original,,,2,1,Básico,Abaixo do básico
TARSO DE CASTRO EMEF,Fundamental II,2009,258.4,249.6,5.133333,0.898598,89.5,,,,,,,86.8,86.7,96.8,4.6,4.1,Original,0.5,Acima da meta,3,2,Básico,Básico
TARSO DE CASTRO EMEF,Fundamental II,2011,,,,,,,,,,,,,,,,4.3,Original,,,,,,
TARSO DE CASTRO EMEF,Fundamental II,2013,,,,,,,,,,,,,,,,4.6,Original,,,,,,
TARSO DE CASTRO EMEF,Fundamental II,2015,,,,,,,,,,,,,,,,4.9,Original,,,,,,
TARSO DE CASTRO EMEF,Fundamental II,2017,,,,,,,,,,,,,,,,5.2,Original,,,,,,
TARSO DE CASTRO EMEF,Fundamental II,2019,,,,,,,,,,,,,,,,5.4,Original,,,,,,
TARSO DE CASTRO EMEF,Fundamental II,2021,,,,,,,,,,,,,,,,5.7,Original,,,,,,
TARSO DE CASTRO EMEF,Fundamental II,2023,,,,,,,,,,,,,,,,5.7,Referência 2021,,,,,,
TARSO DE CASTRO EMEF,Fundamental II,2025,,,,,,,,,,,,,,,,5.7,Referência 2021,,,,,,
YOJIRO TAKAOKA ENG EMEIEF,Fundamental I,2005,219.56,214.75,6.058527,0.970776,97.1,,95.1,95.0,98.4,100.0,,,,,5.9,,,,,4,4,Básico,Básico
YOJIRO TAKAOKA ENG EMEIEF,Fundamental I,2007,237.99,221.4,6.531301,0.972833,97.5,97.8,93.0,100.0,98.1,97.8,,,,,6.4,5.9,Original,0.5,Acima da meta,5,4,Básico,Adequado
YOJIRO TAKAOKA ENG EMEIEF,Fundamental I,2009,256.51,233.31,7.101282,0.955657,95.6,97.9,92.3,90.7,97.6,100.0,,,,,6.8,6.2,Original,0.5999999999999996,Acima da meta,6,5,Adequado,Adequado
YOJIRO TAKAOKA ENG EMEIEF,Fundamental I,2011,259.75,232.94,7.156387,0.974555,97.7,100.0,93.6,100.0,98.2,95.8,,,,,7.0,6.5,Original,0.5,Acima da meta,6,5,Adequado,Adequado
YOJIRO TAKAOKA ENG EMEIEF,Fundamental I,2013,260.24,241.89,7.328465,0.982918,98.2,100.0,94.7,100.0,100.0,97.0,,,,,7.2,6.8,Original,0.40000000000000036,Acima da meta,6,5,Adequado,Adequado
YOJIRO TAKAOKA ENG EMEIEF,Fundamental I,2015,250.74,240.13,7.115167,0.993946,99.4,100.0,100.0,100.0,98.5,98.5,,,,,7.1,7.0,Original,0.09999999999999964,Acima da meta,6,5,Adequado,Adequado
YOJIRO TAKAOKA ENG EMEIEF,Fundamental I,2017,257.7,259.44,7.599083,0.988289,98.7,100.0,100.0,98.2,98.7,97.3,,,,,7.5,7.1,Original,0.40000000000000036,Acima da meta,6,6,Adequado,Avançado
YOJIRO TAKAOKA ENG EMEIEF,Fundamental I,2019,271.02,264.19,7.939645,0.98993,99.1,98.1,98.3,98.6,100.0,100.0,,,,,7.9,7.3,Original,0.6000000000000005,Acima da meta,6,6,Adequado,Avançado
YOJIRO TAKAOKA ENG EMEIEF,Fundamental I,2021,265.33,250.81,7.587784,0.996347,99.7,100.0,98.2,100.0,100.0,100.0,,,,,7.6,7.5,Original,0.09999999999999964,Acima da meta,6,6,Adequado,Adequado
YOJIRO TAKAOKA ENG EMEIEF,Fundamental I,2023,264.79,248.71,7.539297,1.0,100.0,100.0,100.0,100.0,100.0,100.0,,,,,7.5,7.5,Referência 2021,0.0,Atingiu a meta,6,5,Adequado,Adequado
YOJIRO TAKAOKA ENG EMEIEF,Fundamental I,2025,267.24,246.9,,1.0,100.0,100.0,100.0,100.0,100.0,100.0,,,,,7.6,7.5,Referência 2021,0.09999999999999964,Acima da meta,6,5,Adequado,Adequado
YOJIRO TAKAOKA ENG EMEIEF,Fundamental II,2005,,,,,,,,,,,,,,,,,,,,,,,
YOJIRO TAKAOKA ENG EMEIEF,Fundamental II,2007,,,,,,,,,,,,,,,,,Original,,,,,,
YOJIRO TAKAOKA ENG EMEIEF,Fundamental II,2009,,,,,,,,,,,,,,,,,Original,,,,,,
YOJIRO TAKAOKA ENG EMEIEF,Fundamental II,2011,,,,,,,,,,,,,,,,,Original,,,,,,
YOJIRO TAKAOKA ENG EMEIEF,Fundamental II,2013,,,,,,,,,,,,,,,,,Original,,,,,,
YOJIRO TAKAOKA ENG EMEIEF,Fundamental II,2015,279.29,276.14,5.923833,0.944293,94.2,,,,,,90.9,89.4,98.3,100.0,5.6,,Original,,,4,4,Básico,Adequado
YOJIRO TAKAOKA ENG EMEIEF,Fundamental II,2017,290.36,276.52,6.114667,0.976455,97.8,,,,,,100.0,98.4,93.9,98.5,6.0,5.8,Original,0.20000000000000018,Acima da meta,4,4,Básico,Adequado
YOJIRO TAKAOKA ENG EMEIEF,Fundamental II,2019,300.18,293.36,6.559,0.984836,98.5,,,,,,96.5,98.9,100.0,98.6,6.5,6.0,Original,0.5,Acima da meta,5,4,Adequado,Adequado
YOJIRO TAKAOKA ENG EMEIEF,Fundamental II,2021,294.07,293.68,6.4625,0.996973,99.7,,,,,,98.8,100.0,100.0,100.0,6.4,6.2,Original,0.20000000000000018,Acima da meta,4,4,Básico,Adequado
YOJIRO TAKAOKA ENG EMEIEF,Fundamental II,2023,286.74,292.28,6.317,1.0,100.0,,,,,,100.0,100.0,100.0,100.0,6.3,6.2,Referência 2021,0.09999999999999964,Acima da meta,4,4,Básico,Adequado
YOJIRO TAKAOKA ENG EMEIEF,Fundamental II,2025,289.94,281.92,,1.0,100.0,,,,,,100.0,100.0,100.0,100.0,6.2,6.2,Referência 2021,0.0,Atingiu a meta,4,4,Básico,Adequado
